name,locality,numberOfYear12SubjectsTakenByStudents,numberOfVetCertificatesWith2016Enrolments,numberOfStudentsEnrolledInYear12Units,numberOfStudentsEnrolledInVet,numberOfStudentsEnrolledInVcal,percentageVceStudentsApplyingForTertiaryPlaces,percentageSatisfactoryVceCompletions,numberOfStudentsAwardedVceBaccalaureate,percentageVetUnitsOfCompetencyCompleted,percentageVcalUnitsCompleted,medianVceStudyScore,percentageStudyScores40AndMore,rank,numberOfYear12SubjectsTakenByStudentsChange,numberOfVetCertificatesWith2016EnrolmentsChange,numberOfStudentsEnrolledInYear12UnitsChange,numberOfStudentsEnrolledInVetChange,numberOfStudentsEnrolledInVcalChange,percentageVceStudentsApplyingForTertiaryPlacesChange,percentageSatisfactoryVceCompletionsChange,numberOfStudentsAwardedVceBaccalaureateChange,percentageVetUnitsOfCompetencyCompletedChange,percentageVcalUnitsCompletedChange,medianVceStudyScoreChange,percentageStudyScores40AndMoreChange,rankChange
Academy of Mary Immaculate,Fitzroy,33,7,152,29,NA,96,100,13,84,NA,31,7.1,144,-8,1,3,12,NA,2,4,4,-15,NA,0,-5.3,-28
Adass Israel School,Elsternwick,9,10,79,102,49,NA,NA,NA,68,85,NA,NA,534,-3,0,-23,-62,-14,NA,NA,NA,25,15,NA,NA,-1
Advance College of Education,Rosebud West,7,18,8,37,57,NA,NA,NA,70,48,NA,NA,535,2,10,-8,2,-13,NA,NA,NA,-21,-24,NA,NA,-1
Aitken College,Greenvale,39,20,155,104,17,89,100,7,83,100,30,4.8,194,-13,-3,-10,-31,-5,-6,0,1,-8,0,1,-1.3,32
Al Siraat College,Epping,15,4,85,57,NA,100,100,1,97,NA,28,5.4,280,3,2,51,9,NA,0,0,NA,-2,NA,3,3.2,172
Albert Park College,Albert Park,56,18,266,34,NA,86,100,5,82,NA,31,8.6,131,6,-1,18,-5,NA,-6,1,-5,-2,NA,-1,-3.9,-42
Albury Wodonga Comm College,Wodonga,5,18,11,229,167,NA,NA,NA,78,47,NA,NA,536,-2,-3,-18,61,-9,NA,NA,NA,40,14,NA,NA,-1
Alexandra Secondary College,Alexandra,23,9,53,77,25,75,96,NA,85,88,24,4.2,481,1,3,5,3,4,0,-4,NA,-6,20,0,1.8,2
Alia College,Hawthorn East,28,3,29,Less than 4,NA,39,89,NA,ID,NA,24,0,500,-1,0,-2,NA,NA,-29,-11,NA,NA,NA,0,0,-3
Alice Miller School,Macedon,16,1,26,Less than 4,NA,60,100,1,ID,NA,31,9.6,127,-2,-1,4,NA,NA,-11,0,NA,NA,NA,2,5.3,126
Alkira Secondary College,Cranbourne North,62,34,209,135,79,69,98,1,75,90,28,1.8,328,5,-4,-6,-18,1,3,6,-1,-11,8,1,-0.9,40
Alphington Grammar School,Alphington,27,1,100,Less than 4,NA,100,100,5,ID,NA,32,12.1,86,6,NA,6,NA,NA,4,1,-2,NA,NA,0,-1,-1
Al-Taqwa College,Truganina,28,11,187,102,34,90,100,NA,91,95,26,3.8,400,1,0,10,56,-4,-3,0,NA,-2,1,-1,0.8,-37
Antonine College,Pascoe Vale South,27,13,75,31,NA,83,100,NA,99,NA,24,3.7,482,1,2,6,0,NA,0,2,NA,5,NA,-2,0.2,-68
Apollo Bay P-12 College,Apollo Bay,22,5,26,9,NA,88,100,1,100,NA,36,21.4,18,3,-3,-2,-17,NA,-2,0,NA,4,NA,4,5.7,64
Aquinas College,Ringwood,63,35,376,181,50,84,100,8,86,98,31,6.5,151,6,4,22,35,-3,1,0,1,-13,-1,1,0,26
Ararat Secondary College,Ararat,21,11,27,30,32,24,94,NA,87,48,24,1.5,486,-7,-8,-25,-27,-3,-33,-6,NA,29,-7,-2,0.8,-49
Ashwood High School,Ashwood,35,12,50,17,12,94,100,4,98,94,29,3.9,241,-2,-7,-18,-9,-11,-1,2,2,35,37,0,-1.1,-1
Assumption College,Kilmore,75,45,335,264,34,79,100,1,92,97,28,3.8,301,-1,-5,-5,-82,0,-4,0,-2,2,19,0,1.6,24
Auburn High School,Hawthorn East,27,2,68,Less than 4,NA,95,97,5,ID,NA,30,8.6,167,1,0,-8,NA,NA,7,4,-5,NA,NA,3,6.2,209
Australian Internatl Academy,Coburg,14,NA,29,NA,NA,97,97,1,NA,NA,24,0,501,-4,NA,2,NA,NA,-1,-3,0,NA,NA,-6,-5.3,-312
Ave Maria College,Aberfeldie,40,9,255,130,NA,92,100,4,90,NA,32,8.1,111,2,0,-10,-13,NA,-5,1,-3,4,NA,1,-0.3,23
Avila College,Mount Waverley,41,11,238,17,19,93,99,20,88,92,32,9.1,102,-6,-1,-23,-16,-3,-6,0,-10,-12,-2,0,0.3,2
Bacchus Marsh College,Bacchus Marsh,54,29,150,112,64,65,97,NA,54,78,24,0.4,496,-1,-7,2,-37,-13,-6,3,NA,-8,8,0,0.4,2
Bacchus Marsh Grammar,Bacchus Marsh,40,5,222,47,11,91,99,3,100,100,31,6.7,147,-5,-8,5,-3,-1,-6,-1,-4,7,0,0,-3.3,-28
Baimbridge College,Hamilton,24,13,79,83,33,67,92,NA,83,72,25,3.4,452,-1,-4,-7,-17,5,17,3,NA,-7,-6,-1,2.8,-13
Bairnsdale Secondary College,Bairnsdale,43,17,222,158,90,64,94,NA,52,70,23,0.7,513,-12,-5,22,29,4,13,-2,NA,2,1,-1,-0.1,-22
Balcombe Grammar School,Mount Martha,37,9,114,10,Less than 4,82,100,1,100,ID,31,4.7,156,7,1,0,-1,NA,-4,0,-3,0,NA,0,-0.8,-3
Ballarat Christian College,Sebastopol,24,25,43,54,14,61,100,NA,72,71,26,3,408,5,12,-13,-20,4,-15,0,NA,5,-17,-3,-1.9,-165
Ballarat Clarendon College,Ballarat,39,8,217,27,NA,95,100,8,98,NA,36,27.5,12,-3,-3,13,-16,NA,-4,0,5,-1,NA,-1,-6.1,-8
Ballarat Grammar,Wendouree,53,24,301,79,22,82,100,8,92,76,32,12.4,84,-5,-3,-5,-11,0,0,0,-3,-2,-10,0,1.2,9
Ballarat High School,Ballarat,66,32,301,268,65,64,96,2,86,89,29,2.3,266,12,-2,-17,-9,-3,6,-1,-1,4,8,1,-1.6,33
Ballarat SC - Mount Rowan,Wendouree,27,15,32,32,36,56,89,NA,91,64,26,0,442,3,4,-19,16,23,-25,-8,NA,16,-13,3,0,67
Ballarat SC - Woodmans Hill,Ballarat East,26,14,37,34,26,52,95,NA,72,53,24,1.3,488,-8,-1,-18,14,-17,-3,1,NA,-25,-24,-4,1.3,-148
Balwyn High School,Balwyn North,53,3,668,5,NA,94,99,90,97,NA,34,19.3,44,6,1,50,-1,NA,1,0,15,-3,NA,0,-1.9,-1
Bayside Christian College,Langwarrin South,36,23,62,47,36,75,100,NA,91,99,29,3.9,242,0,3,-10,1,-6,-15,0,NA,-5,1,-1,0.8,-36
Bayside P-12 College,Newport,53,23,132,76,42,72,92,4,83,91,29,3.9,243,5,2,-9,-48,-1,2,1,0,0,6,1,1.2,76
Bayswater Secondary College,Bayswater,17,11,31,22,13,47,93,NA,56,73,22,0,526,-5,-3,-4,0,-5,-20,-7,NA,-21,3,0,0,-6
Bayview College,Portland,17,8,42,9,8,87,100,NA,100,100,29,3.2,251,-4,1,-13,-1,2,18,0,NA,9,10,0,-0.5,14
Beaconhills College,Berwick,40,8,224,10,NA,89,100,8,99,NA,31,6.4,152,-1,2,-4,3,NA,4,1,1,-1,NA,0,-1,-8
Beaconhills College,Pakenham,37,1,177,Less than 4,NA,75,97,3,ID,NA,30,5.4,186,2,NA,4,NA,NA,-17,-3,-5,NA,NA,-1,-0.4,-34
Beaufort Secondary College,Beaufort,21,13,26,26,17,82,100,NA,79,48,27,0,391,-2,3,-9,1,-1,32,17,NA,12,-33,0,-3.9,-34
Beechworth Secondary College,Beechworth,22,5,50,36,12,70,100,3,90,78,25,2.2,457,-3,-5,1,-13,0,-16,9,0,18,9,-3,1.3,-120
Belgrave Heights Christian Schl,Belgrave Heights,28,10,123,56,11,79,100,NA,84,97,29,3,255,1,4,13,21,NA,4,0,NA,-7,NA,-1,-4.2,-84
Bellarine Secondary College,Drysdale,67,46,171,412,111,81,98,2,67,78,26,1.7,421,7,7,-32,-17,5,24,4,1,-10,0,-1,-0.5,-37
Belmont High School,Belmont,77,37,334,252,49,63,99,2,89,79,27,5.3,343,-1,2,5,-17,-8,-8,1,-2,1,-1,-1,-0.7,-56
Benalla P-12 College,Benalla,38,22,101,125,45,48,98,NA,73,78,23,1.4,512,7,-3,14,0,6,-22,1,NA,1,-9,0,1.4,-2
Bendigo Senior Sec College,Bendigo,79,34,1213,652,295,60,95,15,87,79,27,2.1,375,-3,-8,38,51,28,0,0,9,3,3,0,0.3,17
Bendigo TAFE,Bendigo,12,27,21,127,123,NA,NA,NA,80,74,NA,NA,537,2,-5,3,-20,-34,NA,NA,NA,12,18,NA,NA,-1
Bentleigh Secondary College,Bentleigh East,40,7,258,18,Less than 4,83,99,8,67,ID,29,4.8,230,3,1,12,9,NA,3,-1,4,-28,NA,0,1.2,39
Berry Street Victoria,Richmond,3,9,Less than 4,40,40,NA,ID,NA,65,41,ID,ID,538,NA,1,NA,-5,-3,NA,NA,NA,21,9,NA,NA,-1
Berwick Grammar School,Officer,22,2,52,Less than 4,NA,88,100,NA,ID,NA,33,10.9,75,-2,-2,-9,NA,NA,1,0,NA,NA,NA,2,1.8,52
Berwick Secondary College,Berwick,56,39,357,278,92,69,98,1,94,92,29,3.8,245,-1,9,16,59,3,-8,0,-3,-6,11,0,-1.8,-13
Beth Rivkah Ladies College,St Kilda East,27,6,64,60,Less than 4,97,100,6,85,ID,35,18.4,36,4,0,-13,14,NA,15,0,3,-10,NA,0,3.3,3
Bialik College,Hawthorn East,31,10,152,85,NA,100,100,2,100,NA,38,40.2,1,-9,-2,-4,13,NA,0,0,-2,3,NA,1,4.7,2
Billanook College,Mooroolbark,38,15,209,47,NA,92,100,13,99,NA,31,10.6,122,-6,2,21,-4,NA,0,0,2,1,NA,0,1.8,10
Birchip P-12 School,Birchip,20,13,30,35,11,79,100,NA,98,100,28,8.9,274,-1,3,-1,5,3,-3,0,NA,2,9,-1,4.7,-16
Blackburn High School,Blackburn,63,18,263,32,Less than 4,86,98,15,77,ID,29,6.5,216,13,2,-20,8,NA,14,1,3,-16,NA,-1,-0.3,-44
Boort District P-12 School,Boort,21,8,25,10,6,100,100,NA,74,82,30,3.1,208,4,5,2,6,2,21,0,NA,-2,25,0,-2,-18
Boronia K-12 College,Boronia,26,21,66,57,26,82,100,NA,69,71,25,0,473,3,-2,10,-5,-20,1,0,NA,-3,-21,2,-2.6,30
Box Hill High School,Box Hill,58,23,389,69,NA,94,100,41,77,NA,34,16.1,56,-10,-4,-2,-2,NA,5,2,7,-16,NA,1,1.1,10
Box Hill Institute,Box Hill,33,32,110,146,264,NA,NA,NA,77,50,NA,NA,539,4,10,-23,-11,20,NA,NA,NA,9,-14,NA,NA,-1
Box Hill Senior Sec College,Mont Albert North,40,19,216,135,19,72,98,1,73,93,26,1.9,416,5,3,-13,3,3,7,-2,-2,-8,0,1,0.4,50
Braemar College,Woodend,38,10,173,55,NA,87,99,8,96,NA,33,12.4,71,0,2,15,-5,NA,-10,-1,1,1,NA,0,0.9,6
Brauer College,Warrnambool,32,24,123,110,36,66,100,1,88,88,27,1.7,382,-2,5,-34,20,-4,3,4,0,-2,10,-1,-4.3,-94
Braybrook College,Braybrook,42,18,282,294,80,97,100,14,89,93,31,7.3,139,-4,-5,-1,5,-19,0,1,5,7,0,1,0.9,39
Brentwood Secondary College,Glen Waverley,45,6,391,26,NA,98,99,25,56,NA,30,8.3,168,-3,-6,-21,-7,NA,1,-1,-8,-1,NA,-1,2.4,-17
Bright P-12 College,Bright,27,12,37,42,14,61,100,2,70,49,30,4,203,-6,-1,-13,-7,-7,-6,0,NA,-8,-30,3,1.3,166
Brighton Grammar School,Brighton,37,3,218,6,NA,98,100,31,98,NA,34,18.3,46,1,-5,0,-6,NA,3,0,1,6,NA,0,-2.5,-1
Brighton Secondary College,Brighton East,62,22,362,81,NA,89,97,13,81,NA,29,6.7,213,6,3,26,14,NA,13,1,2,-9,NA,-1,0.5,-32
Broadford Secondary College,Broadford,30,16,104,77,33,31,92,NA,81,76,26,1.9,417,-6,0,-19,-8,-13,-12,-2,NA,-1,14,1,-0.1,40
Brunswick Secondary College,Brunswick,44,22,180,65,29,87,98,17,98,87,29,7.5,211,-12,0,-12,-20,-6,1,-1,NA,16,-1,-1,0.7,-38
Buckley Park College,Essendon,48,24,214,46,38,94,99,15,89,95,31,10,123,-1,3,-23,2,2,4,1,-1,-2,2,0,1.1,6
Bundoora Secondary College,Bundoora,32,20,85,67,29,76,100,NA,99,79,20,0.8,531,2,2,12,-6,-3,2,8,NA,21,13,-2,-0.3,-13
Camberwell Anglican Girls GS,Canterbury,29,1,171,Less than 4,NA,99,99,34,ID,NA,36,27.6,11,-5,0,7,NA,NA,-1,-1,-2,NA,NA,0,0.2,3
Camberwell Grammar School,Canterbury,45,12,301,49,NA,98,100,64,91,NA,35,23.4,26,1,-1,4,3,NA,-1,0,6,-7,NA,0,-1.1,4
Camberwell High School,Canterbury,64,29,329,86,22,94,98,24,88,67,32,8,112,-2,2,-12,11,0,3,2,-5,-3,-11,0,-1.9,-12
Camperdown College,Camperdown,14,16,17,30,12,90,100,NA,80,95,27,0,392,0,9,-4,12,1,-3,0,NA,13,14,-3,-1.5,-183
Cann River P-12 College,Cann River,5,2,4,6,NA,0,100,NA,76,NA,ID,ID,540,-4,1,-1,NA,NA,-25,25,NA,NA,NA,NA,NA,-29
Canterbury Girls Sec College,Canterbury,45,10,267,25,NA,89,99,24,92,NA,32,11.2,91,-10,-3,10,3,NA,-5,-1,-2,-3,NA,0,-1.9,-5
Carey Baptist Grammar School,Kew,42,10,227,17,NA,97,99,28,70,NA,33,14.6,68,1,4,2,11,NA,4,-1,-1,-24,NA,0,4.1,12
Caroline Chisholm Catholic Coll,Braybrook,73,38,384,216,69,91,100,10,67,84,29,4.3,235,19,15,55,31,16,2,1,3,-7,-8,-1,-0.8,-44
Carrum Downs Sec College,Carrum Downs,42,31,138,102,67,79,97,NA,77,87,25,0.6,469,-5,-4,-38,-8,-2,9,2,NA,-15,-1,0,-0.8,-2
Carwatha College P-12,Noble Park North,41,21,123,38,18,89,98,4,92,95,26,1.9,418,7,5,-3,5,-9,11,-2,1,12,4,1,0.9,54
Casey Grammar School,Cranbourne,29,7,120,10,NA,79,100,2,87,NA,30,4.6,197,2,1,27,3,NA,-10,0,1,-13,NA,3,2,175
Casterton Secondary College,Casterton,18,14,16,21,22,50,83,NA,100,95,32,11.5,89,-4,4,-9,5,7,-28,-17,NA,2,-1,-2,0.4,-28
Castlemaine Secondary College,Castlemaine,35,14,137,100,24,63,100,4,59,79,28,4.1,295,-7,1,-25,-14,-7,5,0,0,-9,-2,2,2,127
Cathedral College,Wangaratta,27,12,66,14,NA,70,97,1,89,NA,29,6.6,214,-5,7,13,8,NA,5,0,-2,8,NA,0,1,19
Catherine McAuley College,Bendigo,50,21,349,187,79,85,100,3,88,84,29,6.5,217,NA,NA,NA,NA,NA,NA,NA,NA,NA,NA,NA,NA,NA
Catholic College Sale,Sale,35,13,198,134,28,74,100,NA,97,100,29,7.1,212,-1,-1,-41,12,-14,-2,0,NA,2,0,-1,-1.5,-49
Catholic College Wodonga,Wodonga,48,17,219,139,40,58,99,3,94,83,28,3.4,308,7,4,-38,-46,-5,-8,1,-2,-3,0,-1,-0.3,-42
Catholic Ladies College,Eltham,42,17,260,82,18,93,100,18,100,96,32,9.1,103,8,3,54,1,-1,-6,0,12,1,1,1,3.6,51
Catholic Regional College,St Albans,3,14,13,40,NA,NA,NA,NA,79,NA,NA,NA,541,NA,NA,NA,NA,NA,NA,NA,NA,NA,NA,NA,NA,NA
Catholic Regional College,Keilor North,3,14,16,137,NA,NA,NA,NA,89,NA,NA,NA,542,NA,NA,NA,NA,NA,NA,NA,NA,NA,NA,NA,NA,NA
Catholic Regional College,Caroline Springs,2,13,4,37,14,NA,NA,NA,96,95,NA,NA,543,1,1,NA,7,0,NA,NA,NA,1,-4,NA,NA,-4
Catholic Regional College,Sydenham,75,37,688,523,140,84,99,4,84,83,29,4.3,236,4,-1,51,24,-8,-5,-1,-2,-2,0,-1,0.3,-36
Catholic Regional College,Melton West,56,31,193,192,60,83,100,1,88,93,29,1.4,271,11,0,-22,20,17,6,1,0,-7,-2,1,-0.4,57
Caulfield Grammar School,Wheelers Hill,39,7,272,48,NA,97,100,38,96,NA,35,24,24,-6,-2,5,-4,NA,0,0,9,-3,NA,1,-1.2,17
Caulfield Grammar School,St Kilda East,51,13,412,306,NA,98,100,27,92,NA,34,22.8,39,2,3,7,6,NA,0,0,-3,-6,NA,-1,-2.9,-11
Centre for Adult Education,Melbourne,31,6,175,8,Less than 4,33,84,NA,50,ID,25,1.2,463,-11,-4,-63,-10,NA,-1,3,NA,-28,NA,0,-0.7,-4
Chaffey Secondary College,Mildura,1,6,Less than 4,16,13,NA,ID,NA,56,24,ID,ID,544,0,-3,NA,-45,-4,NA,NA,NA,2,-52,NA,NA,-4
Chairo Christian School,Drouin,52,26,153,60,26,82,100,2,93,86,29,5.8,220,13,0,7,-6,4,-1,0,NA,4,-4,0,1,24
Charles La Trobe P-12 College,Preston,22,24,22,79,187,NA,NA,NA,58,39,NA,NA,545,-1,-7,-10,-3,30,NA,NA,NA,12,4,NA,NA,-4
Charles La Trobe P-12 College,Macleod West,29,16,54,23,NA,98,98,4,87,NA,25,1,465,1,9,12,11,NA,9,6,2,-2,NA,-2,1,-60
Charlton College,Charlton,25,17,27,29,21,100,100,NA,70,84,31,8.6,132,7,0,5,-10,-7,14,0,NA,-6,-4,-1,0.5,-25
Cheltenham Secondary College,Cheltenham,62,31,226,221,46,92,99,8,76,83,28,4.6,285,8,1,0,104,5,-3,0,3,-10,5,-1,-1.6,-61
Chisholm Institute,Frankston,33,36,114,185,173,53,83,NA,79,78,24,0.7,493,-2,-3,14,27,23,3,1,NA,0,5,-1,0.7,-13
Chisholm Institute of TAFE,Dandenong,42,24,209,237,247,37,87,NA,83,77,20,0.6,532,-1,-6,17,-240,-237,-7,9,NA,15,10,-1,-0.2,-4
Christian Brothers' College,St Kilda East,39,18,108,57,36,87,100,3,91,97,31,6.7,148,-3,-3,21,9,7,-3,2,1,2,1,1,1.6,44
Christian College Institute,Waurn Ponds,60,26,283,64,25,79,98,3,84,90,32,7.8,114,6,3,19,3,-5,-8,-2,-3,-8,-4,1,-1.2,14
Cire Community School,Yarra Junction,5,10,4,56,104,NA,NA,NA,75,38,NA,NA,546,-1,0,-5,-10,12,NA,NA,NA,0,1,NA,NA,-4
Clonard College,Herne Hill,60,25,207,96,43,85,100,4,84,89,31,7.3,140,2,0,16,27,4,6,0,-5,-4,-6,1,2.4,53
Cobden Technical School,Cobden,19,14,45,36,28,85,100,NA,73,66,24,0,502,-10,-2,-23,1,-6,11,11,NA,-5,-18,2,0,19
Cobram Anglican Grammar School,Cobram,18,4,23,5,NA,77,100,NA,55,NA,25,4.5,450,5,2,1,NA,NA,-3,0,NA,NA,NA,-1,1.4,-33
Cobram Secondary College,Cobram,23,13,54,25,21,53,97,1,88,75,26,7,398,-16,-6,-33,-7,7,-16,-1,0,4,1,-1,4.6,-21
Coburg High School,Coburg,10,5,8,6,NA,100,100,NA,100,NA,33,3.3,79,0,NA,-2,NA,NA,37,0,NA,NA,NA,3,-4.7,87
Cohuna Secondary College,Cohuna,23,11,64,14,7,81,92,NA,89,85,28,5.2,282,-1,0,-1,-8,-2,2,-5,NA,-5,-15,1,0.9,73
Colac Secondary College,Colac,33,16,87,46,18,27,96,NA,79,66,23,0.5,517,-2,-2,8,-10,-1,-24,-2,NA,-3,-4,0,0.5,-5
Collingwood College,Collingwood,44,15,93,54,38,82,96,2,79,80,27,3,359,8,-6,20,-3,7,3,0,NA,14,23,1,-0.2,57
Copperfield College,Delahey,74,30,394,443,196,89,94,7,91,93,28,3.8,302,2,-1,31,70,17,-5,-3,1,4,2,-1,1.7,-22
Cornish College,Bangholme,43,21,99,37,NA,90,100,2,100,NA,30,7,176,-2,4,21,8,NA,7,0,1,0,NA,1,2.3,71
Corryong College,Corryong,26,7,44,38,12,64,100,2,69,63,28,2.5,320,3,0,6,-4,-1,-1,0,NA,-15,-29,-1,0.3,-42
Covenant College,Bell Post Hill,36,20,73,37,13,86,96,NA,82,73,31,9.5,128,4,9,-3,14,-1,12,-4,NA,-12,-10,0,2,15
Craigieburn Secondary College,Craigieburn,33,16,180,210,54,86,98,1,72,82,24,0.4,497,-2,5,1,-5,3,5,4,0,-8,-8,-2,-1.5,-71
Cranbourne East Sec College,Cranbourne East,60,44,193,154,142,78,93,NA,91,96,29,2.7,260,3,4,-1,24,15,2,0,NA,-6,16,1,-0.2,55
Cranbourne Secondary College,Cranbourne,48,31,202,195,136,83,90,NA,87,79,27,1.8,381,-1,-6,31,-35,11,4,-9,NA,2,-6,-1,-1.6,-77
Croydon Community School,Croydon,6,13,9,33,45,NA,NA,NA,80,78,NA,NA,547,0,-3,2,-3,2,NA,NA,NA,10,2,NA,NA,-4
Damascus College,Mount Clear,46,26,191,89,38,73,98,5,94,87,27,5.9,340,-3,-2,7,-5,6,0,-2,-1,2,-5,-1,0.2,-51
Dandenong High School,Dandenong,72,36,423,276,79,91,97,5,79,100,23,0.7,514,3,6,-14,18,-14,11,3,-2,8,41,-1,0.2,-19
Darul Ulum College of Victoria,Fawkner,14,NA,98,NA,NA,74,100,NA,NA,NA,29,2.7,261,1,NA,5,NA,NA,18,6,NA,NA,NA,2,1.4,137
Daylesford Secondary College,Daylesford,28,13,66,65,21,69,93,3,80,86,27,3.6,352,0,1,-9,5,4,-5,-5,1,-11,23,1,3.1,91
De La Salle College,Malvern,48,24,207,79,39,89,99,4,83,100,32,7.2,115,-1,3,-10,-20,6,-5,-1,-1,-8,0,2,0.8,64
Derrinallum P12 College,Derrinallum,9,NA,6,NA,NA,50,100,NA,NA,NA,28,0,332,-3,NA,1,NA,NA,-50,0,NA,NA,NA,-2,0,-120
Diamond Valley College,Diamond Creek,46,32,163,132,34,96,99,NA,73,100,27,3.2,358,3,9,-10,-23,-5,27,4,NA,-18,0,0,1.6,37
Diamond Valley Learn Centre,Greensborough,5,13,4,68,74,NA,NA,NA,72,72,NA,NA,548,-1,2,NA,3,2,NA,NA,NA,12,21,NA,NA,-4
Dimboola Memorial Sec College,Dimboola,17,13,29,26,18,55,73,NA,97,82,31,0,161,-2,5,8,9,-2,-27,-27,NA,-3,-8,-3,-13.1,-101
Distance Education Victoria,Thornbury,71,25,373,50,NA,40,85,1,96,NA,28,7.4,275,-9,-9,-31,-19,NA,-1,-4,-2,26,NA,0,3.5,25
Diversitat,Geelong,2,7,Less than 4,29,42,NA,ID,NA,46,52,ID,ID,549,-1,2,NA,-60,-48,NA,NA,NA,22,24,NA,NA,-4
Djerriwarrh Emp. & Edu. Servic.,Melton,2,4,Less than 4,15,26,NA,ID,NA,79,59,ID,ID,550,NA,2,NA,0,-3,NA,NA,NA,5,-25,NA,NA,-4
Donald High School,Donald,21,10,37,19,30,90,100,NA,87,93,28,3.8,303,-2,-3,3,-8,-9,11,0,NA,19,0,0,1.2,18
Doncaster Secondary College,Doncaster,57,26,353,43,33,84,100,19,78,92,29,5.3,225,12,3,25,11,6,-8,2,0,-20,-2,0,0.2,13
Donvale Christian College,Donvale,40,10,176,23,NA,91,100,14,92,NA,33,11.1,74,-2,-4,-19,-1,NA,1,0,8,10,NA,0,0.4,5
Dromana Secondary College,Dromana,47,28,211,156,116,77,100,5,97,100,30,4.8,195,3,1,28,30,11,1,1,-1,0,0,-2,-2.7,-84
Drouin Secondary College,Drouin,50,28,161,129,65,76,95,NA,98,85,28,3,314,2,3,-20,-13,-14,-7,-5,NA,-1,-9,1,0.8,71
East Doncaster Sec College,Doncaster East,60,38,394,71,23,98,99,35,100,95,32,9,105,1,8,24,11,5,3,0,-5,2,-5,0,-2.6,-14
East Loddon P-12 College,Dingee,21,9,23,18,9,80,100,1,52,73,31,1.9,160,0,0,-6,3,-3,-5,0,NA,-22,-17,1,0.5,50
East Preston Islamic College,East Preston,16,10,54,64,17,100,100,NA,94,95,24,0.9,491,3,0,21,3,-4,0,0,NA,-5,0,0,0.9,8
Echuca College,Echuca,26,11,148,147,20,60,92,NA,79,100,26,1.3,427,-6,-4,-23,-28,-14,3,-6,NA,-4,4,0,-0.8,-4
Edenhope College,Edenhope,11,7,18,13,10,89,100,NA,0,58,25,0,474,-8,-8,-4,-14,-8,11,0,NA,-83,-8,-4,0,-191
Edinburgh College,Lilydale,22,11,31,17,NA,95,100,NA,90,NA,30,4.2,200,3,-1,1,-11,NA,33,0,NA,5,NA,-1,-2.3,-50
Education Centre Gippsland,Warragul,17,25,40,99,121,NA,NA,NA,59,39,NA,NA,551,1,3,26,26,-9,NA,NA,NA,-16,-4,NA,NA,-4
Elisabeth Murdoch College,Langwarrin,73,45,305,320,123,65,100,NA,90,89,28,4.1,296,7,-6,-13,-40,-49,-2,2,NA,2,3,1,0.9,64
Eltham College,Research,47,15,128,90,NA,95,100,9,93,NA,33,15.3,64,3,-2,-32,6,NA,-1,0,5,-6,NA,1,1.3,20
Eltham High School,Eltham,50,27,244,107,20,60,99,3,90,94,28,5.5,279,-5,2,-26,-1,0,-14,1,-10,2,-6,-1,0.3,-43
Elwood College,Elwood,38,12,137,24,NA,77,92,5,89,NA,30,7.4,175,2,1,16,4,NA,19,-2,0,6,NA,0,0.1,-6
Emerald Secondary College,Emerald,47,29,132,83,55,72,96,3,86,83,28,7.3,276,-2,-4,-8,-19,-9,-13,0,0,4,-6,0,4.2,34
Emmanuel College,Altona North,47,30,384,192,67,92,98,6,84,93,30,5.9,180,2,8,20,-6,21,7,-2,-4,-4,-6,1,2.2,87
Emmanuel College,Warrnambool,44,22,262,115,17,84,99,4,100,82,28,4.3,289,2,-2,-9,8,-5,14,1,1,0,4,1,0.6,69
Emmaus College,Vermont South,57,30,303,47,19,88,99,9,91,94,31,7.2,142,3,7,14,0,5,2,-1,5,-7,-6,1,1.1,40
Epping Secondary College,Epping,70,40,228,180,136,91,96,2,79,85,28,3.4,309,21,7,42,75,29,4,3,0,0,-3,0,-0.3,-7
Essendon Keilor College,Essendon,38,16,162,75,26,85,96,9,92,97,25,1.8,460,0,4,-33,13,5,-11,-1,-1,3,0,0,0.1,4
Euroa Secondary College,Euroa,42,22,85,60,24,62,97,NA,89,81,24,1.7,485,0,0,-13,-25,-9,-4,4,NA,6,-1,-2,-2.2,-72
F.C.J. College,Benalla,32,15,72,72,15,44,98,NA,91,96,28,2.1,324,2,-3,-16,-10,-2,-24,0,NA,-5,3,0,-1.3,-19
Fairhills High School,Knoxfield,53,31,151,149,33,73,96,2,71,67,26,3.2,406,-5,-6,-23,-39,-18,4,3,1,-10,-2,-1,0.9,-26
Federation Training,Newborough,17,28,43,199,173,33,67,NA,68,70,24,0,503,-2,0,-1,2,20,20,25,NA,-4,-11,2,0,19
Federation University Australia,Ballarat,11,16,43,178,199,NA,NA,NA,94,100,NA,NA,552,3,-7,16,-38,-20,NA,NA,NA,8,0,NA,NA,-4
Fintona Girls School,Balwyn,27,1,82,Less than 4,NA,100,100,21,ID,NA,36,29.8,9,0,NA,-9,NA,NA,4,0,2,NA,NA,1,7.8,25
Firbank Grammar School,Brighton,39,7,229,20,NA,100,100,30,81,NA,35,22.7,29,-1,2,-7,13,NA,2,1,-3,-7,NA,0,-2.2,0
Fitzroy High School,Fitzroy North,48,25,127,57,29,98,100,2,75,73,29,3.5,248,-3,-1,14,-16,0,2,0,1,-2,2,-1,-1.2,-52
Flinders Christian Comm College,Carrum Downs,40,21,112,38,20,90,100,1,85,92,31,6.6,149,-9,-5,-27,-4,4,5,0,0,-9,5,-1,-0.3,-36
Flinders Christian Comm College,Tyabb,43,22,151,65,15,82,100,2,99,100,30,5.3,188,4,5,9,14,0,3,0,0,-1,3,1,0.3,53
Footscray City College,Footscray,48,12,152,76,30,72,99,7,83,96,30,9.1,166,1,4,-16,11,-5,-8,0,4,19,7,1,4.4,82
Forest Hill College,Burwood East,35,8,144,48,NA,94,96,2,88,NA,26,2.6,409,0,-2,-4,11,NA,0,-3,0,-3,NA,1,0.7,51
Foster Secondary College,Foster,23,11,64,32,15,54,89,NA,66,78,25,2.5,456,-8,-1,-11,-13,2,-38,-11,NA,-9,8,-2,-1,-97
Fountain Gate Sec College,Fountain Gate,46,19,182,119,NA,73,96,1,68,NA,27,1.5,384,-4,-1,23,-1,NA,-4,-3,NA,-21,NA,-1,0,-51
Frankston High School,Frankston,64,31,481,144,NA,74,99,19,93,NA,32,11.8,87,-5,5,-17,-8,NA,-3,-1,3,5,NA,1,2.5,38
Galen College,Wangaratta,53,36,273,215,81,78,100,1,88,90,29,1.9,268,5,6,20,-1,5,-10,0,0,1,-4,-1,-2.3,-69
Geelong Baptist College,Lovely Banks,24,11,41,23,10,100,100,NA,94,96,25,0,475,-1,-1,11,0,2,15,0,NA,-2,-4,-1,-4,-63
Geelong Grammar School,Corio,37,1,206,Less than 4,NA,86,99,22,ID,NA,31,6.9,146,1,-3,-13,NA,NA,6,0,20,NA,NA,0,-1.3,-9
Geelong High School,East Geelong,54,30,176,80,13,47,99,1,89,95,26,2.4,411,1,-1,-12,4,0,-1,2,0,-6,1,1,1.1,58
Geelong Lutheran College,Armstrong Creek,33,21,65,28,7,94,100,2,97,100,29,2.6,263,-2,2,3,-7,0,4,0,0,-2,0,0,-2.2,-18
Genazzano F.C.J. College,Kew,42,4,255,4,NA,99,100,25,89,NA,35,20.5,33,1,-2,-31,-4,NA,0,0,-16,-2,NA,0,-1.5,2
Gilmore College For Girls,Footscray,16,NA,37,NA,NA,94,100,1,NA,NA,27,1.2,387,-7,NA,-12,NA,NA,-6,0,-1,NA,NA,-2,-6.2,-170
Gilson College,Taylors Hill,34,8,108,150,NA,83,99,6,96,NA,28,4.9,283,2,2,2,59,NA,-1,-1,4,-2,NA,1,1.7,78
Gippsland Grammar,Sale,38,13,163,50,13,87,100,10,100,100,31,7.3,141,-2,-2,-10,6,0,-5,0,2,2,5,-1,-4,-49
Girton Grammar School,Bendigo,46,5,249,24,NA,92,100,14,80,NA,32,11.6,88,3,0,8,5,NA,-7,0,5,-17,NA,-2,-5,-35
Gisborne Secondary College,Gisborne,56,25,219,98,35,77,100,3,74,68,27,2.4,370,-2,-1,-30,-21,3,2,2,-2,-4,-17,1,0.4,54
Gladstone Park Sec College,Gladstone Park,44,21,328,112,76,95,98,7,93,98,28,4.3,290,3,3,10,26,-3,-3,-2,-1,3,0,-1,-0.4,-41
Glen Eira College,Caulfield East,50,21,137,42,NA,97,100,7,95,NA,29,6.6,215,5,2,1,2,NA,2,1,-2,1,NA,0,1.5,24
Glen Waverley Sec College,Glen Waverley,66,23,609,86,NA,96,100,87,94,NA,33,15,66,1,3,-40,-9,NA,3,0,-17,-2,NA,0,-0.9,-2
Gleneagles Secondary College,Endeavour Hills,51,16,257,59,NA,85,99,7,84,NA,29,5.8,221,-4,1,17,14,NA,-7,3,4,4,NA,1,2.9,95
Glenroy Neighbourhood Centre,Glenroy,NA,4,NA,19,20,NA,NA,NA,9,21,NA,NA,553,NA,1,NA,-3,0,NA,NA,NA,-6,-17,NA,NA,-4
Glenroy Secondary College,Glenroy,25,14,82,25,54,67,97,3,58,80,23,2.2,511,-5,-2,1,-12,-9,-12,6,NA,1,6,1,0.7,6
Glenvale School,Epping,15,3,118,179,NA,0,100,NA,100,NA,32,10.3,97,1,0,10,2,NA,0,2,NA,1,NA,0,-2.7,-10
Good News Lutheran College,Tarneit,23,3,42,4,NA,71,97,NA,93,NA,22,3.4,520,0,1,-10,NA,NA,-19,-3,NA,NA,NA,-3,2.8,-43
Good Shepherd College,Hamilton,19,10,15,14,NA,67,100,NA,54,NA,29,3.6,247,3,1,4,5,NA,17,0,NA,-7,NA,-1,-0.2,-46
Gordon Institute of TAFE,Geelong,41,44,124,182,191,48,93,NA,61,59,22,0,527,6,5,-25,-15,-27,6,-1,NA,7,-6,-2,0,-27
Goroke P-12 College,Goroke,10,8,10,8,9,100,100,NA,83,100,28,0,333,-7,2,-8,1,4,10,0,NA,-17,0,-1,-7.4,-115
Goulburn Ovens Inst of TAFE,Shepparton,9,26,28,151,158,NA,NA,NA,64,71,NA,NA,554,-7,4,-6,21,31,NA,NA,NA,-6,8,NA,NA,-3
Goulburn Valley Grammar Schl,Shepparton,37,2,161,Less than 4,NA,90,100,10,ID,NA,34,22,41,9,0,14,NA,NA,-7,0,1,NA,NA,0,4.8,10
Greensborough Sec College,Greensborough,46,27,128,109,44,88,97,NA,78,93,27,5.8,341,6,3,-20,-37,-35,4,-1,NA,15,22,-1,2.8,-29
Grovedale College,Grovedale,41,25,138,116,34,58,100,NA,93,92,26,3.8,401,4,1,-14,19,3,-3,0,NA,0,-5,-1,-0.8,-50
Haileybury College,Keysborough,49,4,477,38,NA,92,100,62,100,NA,35,23.5,25,-1,-4,2,-1,NA,4,0,16,4,NA,0,-2.6,2
Haileybury Girls College,Keysborough,50,8,321,28,NA,98,100,45,100,NA,36,30.1,8,3,4,-12,13,NA,0,0,0,14,NA,0,0.6,2
Haileybury Rendall School,Berrimah,4,7,12,17,16,NA,NA,NA,80,83,33,18.2,60,NA,NA,NA,NA,NA,NA,NA,NA,NA,NA,NA,NA,NA
Hallam Senior Sec College,Hallam,51,32,338,516,265,69,93,NA,98,88,22,0.4,525,-2,2,-10,-20,-3,7,3,NA,1,2,1,0.2,4
Hampton Park Sec College,Hampton Park,50,32,219,118,94,90,99,8,94,74,26,0.8,437,3,1,14,-19,-1,2,0,5,-1,-6,1,0.1,38
Hawkesdale College,Hawkesdale,18,8,17,14,10,67,100,NA,100,99,27,0,393,-6,-5,-14,-6,-4,20,6,NA,0,3,2,0,88
Healesville High School,Healesville,30,20,87,62,45,65,94,NA,82,79,25,3,453,-10,-2,10,-4,2,5,-3,NA,-6,-13,1,1.6,33
Heathdale Christian College,Werribee,47,15,120,121,13,97,99,6,94,100,29,5.7,223,7,0,25,1,4,-3,-1,3,0,0,0,-0.8,-3
Heatherton Christian College,Clarinda,23,6,46,31,NA,79,100,1,93,NA,29,5.3,226,0,0,-2,-4,NA,12,0,0,-7,NA,-2,-8.4,-111
Heathmont College,Heathmont,36,20,91,28,27,74,97,1,97,81,26,0.9,433,6,3,17,2,2,-11,2,NA,3,7,-2,-2.3,-126
Heritage College,Officer,24,13,24,16,14,83,100,NA,82,93,29,3.2,252,5,4,-9,5,2,26,0,NA,-1,3,3,0.9,169
Hester Hornbrook Academy,South Melbourne,6,20,6,140,186,NA,NA,NA,28,12,NA,NA,555,0,2,2,35,-5,NA,NA,NA,4,-7,NA,NA,-3
Heywood & District Sec College,Heywood,22,13,30,27,18,46,100,NA,92,69,24,0,504,-3,4,-5,8,2,-23,0,NA,3,-8,2,-1.6,12
Highvale Secondary College,Glen Waverley,34,2,220,Less than 4,NA,86,97,20,ID,NA,31,7.8,138,-6,-4,-30,NA,NA,-1,1,3,NA,NA,2,3.5,117
Highview Christian Comm College,Maryborough,23,7,68,71,NA,81,100,NA,99,NA,30,3.8,204,-10,-1,-7,-1,NA,6,2,NA,1,NA,3,-1,144
Hillcrest Christian College,Clyde North,39,8,151,24,NA,74,98,1,89,NA,29,4.1,240,1,-1,7,-4,NA,-12,-1,-4,-4,NA,0,-2.3,-19
Holmes Secondary College,Melbourne,8,1,16,30,30,93,86,3,53,53,28,6.5,277,0,0,2,-15,-15,10,-6,2,13,13,2,6.5,167
Holmesglen Institute of TAFE,Moorabbin,18,28,56,194,254,NA,NA,NA,69,66,NA,NA,556,0,0,-20,-25,6,NA,NA,NA,3,-3,NA,NA,-2
Holmesglen Institute of TAFE,Holmesglen,1,8,Less than 4,31,31,NA,ID,NA,99,97,ID,ID,557,0,1,NA,-9,-9,NA,NA,NA,-1,-3,NA,NA,-4
Holy Trinity Lutheran College,Horsham,5,6,11,8,NA,NA,NA,NA,100,NA,33,0,80,NA,NA,NA,NA,NA,NA,NA,NA,NA,NA,NA,NA,NA
Hopetoun P-12 College,Hopetoun,20,10,15,9,9,44,100,NA,95,89,28,2.3,322,-3,1,-3,1,3,-16,0,NA,-5,3,1,2.3,84
Hoppers Crossing Sec College,Hoppers Crossing,57,29,241,136,44,71,98,2,75,95,27,3.7,351,-1,2,11,-5,3,-2,-1,-2,-8,-3,-1,-1.2,-60
Horsham College,Horsham,41,25,144,126,38,72,95,1,96,76,30,5.7,181,-3,0,-4,-7,-4,-1,-1,-3,0,40,1,-0.7,41
Hume Anglican Grammar,Mickleham,22,1,64,Less than 4,NA,92,100,NA,ID,NA,28,4.4,286,2,NA,7,NA,NA,2,0,NA,NA,NA,0,2.1,38
Hume Central Sec College,Broadmeadows,43,20,187,111,79,91,90,1,91,66,26,3.6,404,6,-4,32,6,2,-5,-10,NA,-9,-14,3,1.7,100
Huntingtower School,Mount Waverley,36,5,174,5,NA,100,100,17,100,NA,37,33.9,3,2,1,9,1,NA,1,0,-7,7,NA,0,3.9,3
Ilim College,Broadmeadows,17,NA,118,NA,NA,91,99,2,NA,NA,28,3.2,311,-1,NA,18,NA,NA,-3,1,-1,NA,NA,-1,-4.6,-96
Ilim College Boys Campus,Dallas,18,NA,54,NA,NA,79,92,1,NA,NA,27,0.6,390,1,NA,-13,NA,NA,-12,-8,0,NA,NA,-1,-3.2,-89
Islamic College of Melbourne,Tarneit,12,NA,21,NA,NA,95,100,NA,NA,NA,26,2.2,414,NA,NA,NA,NA,NA,NA,NA,NA,NA,NA,NA,NA,NA
Ivanhoe Girls' Grammar School,Ivanhoe,45,10,261,110,NA,98,100,24,78,NA,34,17.7,49,7,3,-15,-8,NA,-1,0,4,0,NA,0,-1.9,-1
Ivanhoe Grammar School,Ivanhoe,37,4,293,45,NA,94,99,38,92,NA,34,15.5,57,1,2,-16,-5,NA,6,0,17,-8,NA,1,2.3,16
Ivanhoe Grammar School,Mernda,31,3,129,Less than 4,NA,98,100,7,ID,NA,33,11.6,72,-4,-1,0,NA,NA,-2,0,1,NA,NA,-1,-4.7,-18
John Fawkner College,Fawkner,20,13,71,125,40,65,97,NA,74,58,23,0.6,515,5,5,11,-30,-26,-13,12,NA,-2,-10,-2,-1.3,-54
John Monash Science School,Clayton,42,4,423,4,NA,99,100,52,87,NA,34,14.7,59,-3,3,13,NA,NA,1,0,-9,NA,NA,0,-2.1,-7
John Paul College,Frankston,38,29,192,92,29,85,100,1,77,94,28,4.2,291,-9,1,-21,31,3,-4,0,-1,-14,-3,0,1,17
Kambrya College,Berwick,68,33,245,218,119,77,96,3,92,90,29,3.1,253,-1,-4,10,-40,-19,3,-1,-2,4,7,-1,-0.2,-48
Kangan Institute of TAFE,Broadmeadows,23,33,51,213,225,17,48,NA,61,46,19,0,533,-8,-4,-35,-28,-3,-16,-33,NA,0,-10,0,0,-1
Kaniva P-12 College,Kaniva,15,11,21,16,26,20,100,NA,96,72,28,0,334,-6,-2,1,-1,4,-5,0,NA,16,4,-2,-4.8,-139
Kardinia Internatl College,Bell Post Hill,46,14,284,21,NA,90,100,12,91,NA,31,12.7,117,3,-5,-7,-5,NA,0,0,-2,-8,NA,0,3.3,5
Keilor Downs College,Keilor Downs,57,30,255,173,68,94,99,17,82,75,30,7.6,172,-6,-2,10,14,-12,1,-1,4,1,-12,1,1.7,56
Kensington Comm High School,Kensington,3,9,Less than 4,33,40,NA,ID,NA,43,48,ID,ID,558,-1,-1,NA,-9,4,NA,NA,NA,-10,-12,NA,NA,-3
Kerang Christian College,Kerang,14,NA,16,NA,NA,55,100,NA,NA,NA,24,0,505,-5,NA,-4,NA,NA,-37,0,NA,NA,NA,-3,0,-98
Kerang Technical High School,Kerang,22,8,65,53,NA,65,95,NA,69,NA,26,0,443,-7,-3,-10,0,NA,25,4,NA,1,NA,0,-2.6,-23
Kew High School,Kew East,50,14,313,55,NA,88,100,27,96,NA,31,10,124,-1,-1,-24,-15,NA,4,1,2,-3,NA,1,2.1,43
Keysborough SC - Acacia,Keysborough,49,22,150,71,37,99,99,4,83,94,28,3.7,306,1,1,14,25,3,2,3,1,6,10,1,1.3,72
Keysborough SC - Banksia,Springvale South,47,20,217,78,39,96,98,9,62,86,26,3.1,407,0,-2,30,12,-7,-2,-1,1,0,18,-2,0.1,-94
Kilbreda College,Mentone,49,16,242,101,25,94,98,8,69,96,31,7.1,145,7,0,-25,24,6,6,-2,-2,-28,-4,1,-0.2,25
Killester College,Springvale,46,15,221,94,21,92,98,19,96,100,30,5.7,182,-7,-5,-8,-14,-5,-4,-2,2,10,2,-1,-1.5,-36
Kilvington Grammar School,Ormond,40,7,143,7,NA,100,100,16,89,NA,35,18.2,37,3,1,-13,-2,NA,0,0,0,0,NA,0,-4,-4
Kings College,Warrnambool,16,5,24,6,NA,63,100,1,86,NA,28,4.2,292,-1,-1,1,0,NA,8,0,0,-14,NA,-3,-3.2,-147
Kingswood College,Box Hill,33,10,67,79,NA,88,100,5,100,NA,32,8.9,106,-4,-2,-74,-22,NA,-9,0,2,0,NA,0,0.8,2
Kolbe Catholic College,Greenvale,35,17,143,265,43,98,100,1,81,96,26,1.2,430,2,0,-11,6,-6,4,1,NA,-4,2,0,-0.7,-3
Koo Wee Rup Sec College,Koo Wee Rup,47,35,147,142,87,94,96,NA,90,93,29,2.5,264,6,8,-50,4,-1,13,-1,NA,5,11,1,1.4,71
Koonung Secondary College,Mont Albert North,49,19,240,36,NA,91,99,23,92,NA,32,10.8,94,-1,3,-12,-6,NA,6,-1,4,-6,NA,1,1.9,36
Korowa Anglican Girls' School,Glen Iris,34,6,149,6,NA,98,100,30,90,NA,36,27.5,13,-2,0,18,-2,NA,-2,0,4,-10,NA,-1,-1.5,-6
Korumburra Sec College,Korumburra,19,11,46,29,22,66,100,NA,93,73,27,5.5,342,0,-4,-3,5,-5,7,12,NA,7,1,3,4.8,150
Kurnai College,Churchill,65,36,262,243,169,55,93,NA,68,86,27,2.8,363,8,3,-20,28,40,-2,4,NA,-9,-4,0,1.8,38
Kurunjang Secondary College,Melton,42,22,112,80,53,74,96,NA,57,73,24,0,506,9,-1,-13,-3,-22,-10,-4,NA,0,11,2,-0.3,13
Kyabram P-12 College,Kyabram,33,20,113,100,33,64,98,NA,95,74,25,2.7,454,4,6,7,24,4,8,6,NA,14,16,1,2.3,42
Kyneton Secondary College,Kyneton,19,15,67,80,33,66,100,NA,97,93,26,1.3,428,-8,4,-13,-8,-5,-13,0,NA,-2,0,-1,-1.1,-49
Lakes Entrance Sec College,Lakes Entrance,14,9,32,37,22,46,100,NA,82,78,24,1.4,487,-4,1,-5,3,1,-47,0,NA,15,6,-4,-0.1,-153
Lakeside Lutheran College,Pakenham,20,6,61,35,NA,83,100,NA,81,NA,26,0.6,438,5,1,26,6,NA,-2,0,NA,-14,NA,-2,0.6,-97
Lakeview Senior College,Caroline Springs,56,27,387,172,85,90,98,2,92,95,28,4,297,-15,-9,-49,-23,-12,-3,1,-2,3,2,0,0.9,14
Lalor North Sec College,Epping,35,18,102,138,34,94,100,NA,82,60,23,0,518,-6,-4,10,-10,3,2,0,NA,-7,-30,-3,-1.6,-87
Lalor Secondary College,Lalor,44,21,182,60,71,88,100,2,81,87,27,1.9,378,3,2,32,4,24,-1,5,1,-6,-4,-2,-1.3,-107
Lara Secondary College,Lara,47,31,121,97,47,42,92,1,73,90,25,0,476,6,3,-18,10,-9,-9,0,NA,-8,7,2,-0.7,31
Lauriston Girls School,Armadale,33,9,117,17,NA,94,100,13,92,NA,35,26.2,19,-3,-1,24,1,NA,4,0,7,-5,NA,0,-3.5,6
Lavalla Catholic College,Traralgon,41,26,249,203,64,82,100,1,91,71,28,5.3,281,-9,0,-27,-21,19,7,1,-1,-6,-5,1,2.2,81
Lavers Hill K-12 College,Lavers Hill,20,14,14,31,NA,75,88,NA,90,NA,29,0,272,7,-1,-7,-35,NA,75,-12,NA,10,NA,3,0,173
Laverton P-12 College,Laverton,32,23,57,48,26,97,94,3,78,92,23,0.6,516,0,4,-4,-12,-15,15,-3,NA,3,18,0,0,-8
Leibler Yavneh College,Elsternwick,30,10,114,77,NA,100,100,8,81,NA,35,22.8,28,0,1,-10,-13,NA,2,0,4,-8,NA,0,-5.1,-2
Leongatha Secondary College,Leongatha,33,15,108,98,29,60,84,NA,73,70,25,1.6,462,-14,-3,-12,1,-7,-30,-8,NA,16,-14,-2,-4.1,-116
Lighthouse Christian College,Keysborough,29,3,57,5,NA,84,100,NA,49,NA,30,5.6,184,6,1,-2,-1,NA,-11,0,NA,-47,NA,1,1.2,68
Lighthouse Christian College,Cranbourne,23,1,84,Less than 4,NA,86,98,1,ID,NA,29,5.8,222,5,NA,-3,NA,NA,37,0,-4,NA,NA,-1,-3.2,-60
Lilydale Heights College,Lilydale,34,18,81,30,16,85,100,NA,79,97,24,0.4,498,-11,-3,0,-12,-13,-8,0,NA,12,6,-2,-0.5,-62
Lilydale High School,Lilydale,54,25,424,210,38,62,98,NA,81,87,28,3,315,-7,-1,-31,-12,NA,8,-1,NA,-3,NA,0,-0.2,-6
Little Yarra Steiner School,Yarra Junction,10,NA,17,NA,NA,41,100,NA,NA,NA,33,4.8,77,-3,NA,-3,NA,NA,25,0,NA,NA,NA,2,4.8,82
Loreto College,Ballarat,50,20,211,90,20,86,98,11,78,99,31,5.8,155,1,1,-5,8,-6,-3,-1,3,-5,5,0,-0.9,-8
Loreto Mandeville Hall,Toorak,36,4,245,Less than 4,NA,100,100,30,ID,NA,36,26.7,15,0,1,37,NA,NA,2,0,10,NA,NA,0,-0.3,0
Lorne P-12 College,Lorne,26,11,32,34,9,94,100,1,83,68,28,0,335,3,3,2,6,-1,-1,0,NA,-6,-9,1,0,73
Lowanna College,Newborough,38,20,147,127,45,39,91,NA,98,63,25,0.4,470,-5,-6,-39,-33,-21,-6,-6,NA,22,13,3,0.4,53
Lowther Hall Anglican GS,Essendon,33,5,108,180,NA,100,100,19,100,NA,34,22.2,40,2,1,-126,20,NA,0,0,5,0,NA,-2,-3,-18
Loyola College,Watsonia,53,21,264,140,42,88,99,13,91,98,30,3.7,206,-10,-2,-1,33,11,-2,-1,4,-3,-2,0,0,-3
Luther College,Croydon Hills,56,26,340,57,NA,90,100,6,92,NA,32,12.5,83,7,6,7,-3,NA,3,0,-5,-7,NA,0,3.1,19
Lynall Hall Community School,Richmond,16,10,42,34,31,50,83,NA,34,47,ID,ID,559,3,1,9,-2,-6,-25,-17,NA,-12,9,NA,NA,-2
Lyndale Secondary College,Dandenong North,54,26,211,116,72,88,89,1,91,66,26,1.8,419,1,1,40,13,14,-11,-7,-3,1,-10,0,-1,0
Lyndhurst Secondary College,Cranbourne,38,26,91,87,82,63,97,NA,98,78,27,0.8,389,-1,-7,-28,-25,-12,-8,1,NA,4,-9,2,-2.2,59
Mac.Robertson Girls' High Schl,Melbourne,48,11,492,25,NA,98,100,120,98,NA,37,32.5,4,-1,-1,-23,-5,NA,0,0,-16,12,NA,0,-4.1,-3
MacKillop Catholic Reg College,Werribee,53,33,264,229,95,84,99,6,88,93,29,2.4,265,-8,-1,24,23,17,5,6,2,2,0,-1,-1.1,-61
Macleod College,Macleod,26,6,80,12,NA,82,98,9,55,NA,25,2,459,-4,0,-24,2,NA,-7,-1,6,-31,NA,0,-0.2,-6
Maffra Secondary College,Maffra,29,14,88,44,47,87,98,NA,100,76,26,4.2,399,-2,1,10,-7,12,-5,2,NA,21,-3,0,2.2,26
Mallacoota P-12 College,Mallacoota,15,4,16,21,5,86,100,NA,98,100,30,12.5,163,5,2,-3,14,NA,19,0,NA,-2,NA,3,12.5,246
Manangatang P-12 College,Manangatang,13,4,17,7,6,60,100,NA,76,97,25,10,449,3,1,6,2,1,-23,0,NA,-20,6,-2,7.2,-82
Manor Lakes P-12 College,Wyndham Vale,44,36,142,199,106,64,93,2,74,58,26,1.8,420,-1,5,1,0,37,-4,2,1,10,-12,-1,-0.7,-46
Mansfield Secondary College,Mansfield,40,28,108,100,23,80,95,NA,82,67,27,0,394,2,-8,26,-4,2,13,-3,NA,-1,-16,0,-0.5,9
Maranatha Christian School,Endeavour Hills,35,11,108,18,16,90,100,4,90,98,30,6.7,177,0,0,-15,-1,-2,11,0,3,0,3,-1,-1.3,-38
Marcellin College,Bulleen,46,22,312,170,29,93,100,12,98,93,30,8.1,169,-6,-1,21,33,0,-1,0,-1,4,-1,0,0.6,-1
Marian College Ararat,Ararat,26,25,111,75,44,78,98,NA,91,81,26,3.8,402,-2,9,15,16,14,5,0,NA,-4,-3,-1,-0.4,-46
Marian College Myrtleford,Myrtleford,23,6,49,47,7,69,97,NA,100,100,27,1.3,386,-3,-3,-4,19,-8,-1,-3,NA,20,0,0,1.3,24
Marian College Sunshine,Sunshine West,38,16,177,88,57,85,99,3,91,83,28,2.9,317,-6,0,-12,3,5,-6,2,-6,4,-5,-1,-1.2,-57
Maribyrnong Sec College,Maribyrnong,33,2,233,44,NA,77,99,7,70,NA,30,4.9,192,-2,-2,9,-10,NA,-4,4,0,-23,NA,1,-0.9,38
Marist - Sion College,Warragul,38,17,162,63,31,66,99,1,97,92,29,2.2,267,3,4,12,6,8,-12,1,NA,5,17,0,-3.8,-40
Marist College Bendigo,Maiden Gully,10,9,68,73,16,NA,NA,NA,87,90,30,3.8,205,NA,NA,NA,NA,NA,NA,NA,NA,NA,NA,NA,NA,NA
Mary MacKillop Catholic College,Leongatha,31,15,113,92,33,79,100,1,98,91,28,3.4,310,2,8,2,28,13,-6,2,NA,0,-8,-2,-1.5,-116
Maryborough Education Centre,Maryborough,37,23,101,131,61,55,98,NA,62,48,25,0.4,471,0,-1,-10,9,15,1,8,NA,7,0,1,-0.8,17
Marymede Catholic College,South Morang,56,37,204,252,59,94,99,2,79,96,29,4.8,231,9,9,42,29,15,4,0,-5,-9,-4,-1,0.1,-34
Mater Christi College,Belgrave,48,20,204,133,14,98,99,5,92,93,32,7.9,113,-9,-5,-21,1,0,9,-1,NA,4,4,0,-3,-18
Matthew Flinders Girls' SC,Geelong,53,19,128,61,42,72,99,5,91,94,28,4.2,293,0,-6,-30,-15,-5,-1,0,0,-2,14,2,2.4,136
Mazenod College,Mulgrave,43,16,339,195,29,97,100,22,96,95,32,12.7,82,-7,-5,-75,12,-3,1,0,2,0,-2,0,1.8,14
McClelland Secondary College,Frankston,47,33,155,128,141,61,99,2,88,80,27,3.4,355,1,1,3,-19,-22,7,1,-1,19,-6,-2,-0.4,-92
McGuire College,Shepparton,32,12,101,74,29,82,98,NA,69,51,22,0.7,524,-13,-8,3,7,0,1,4,NA,4,6,-2,-2.6,-42
McKinnon Secondary College,Mckinnon,53,17,574,101,27,96,100,70,90,95,34,17.8,48,0,-3,44,-18,1,0,0,19,-3,-5,1,0.5,15
Melba College,Croydon,45,26,106,80,43,67,99,NA,86,76,27,2.5,367,2,4,-3,21,11,10,3,NA,-8,-6,-1,-1.6,-70
Melbourne Girls' College,Richmond,64,18,421,34,NA,97,99,43,100,NA,33,18.2,61,14,4,40,9,NA,0,-1,10,2,NA,0,3.6,10
Melbourne Girls Grammar,South Yarra,38,3,209,Less than 4,NA,99,100,36,ID,NA,35,25.1,21,-1,2,16,NA,NA,-1,0,-3,NA,NA,-1,-3.5,-10
Melbourne Grammar School,Melbourne,38,NA,374,NA,NA,98,100,68,NA,NA,36,27.5,14,-4,NA,-5,NA,NA,-1,0,0,NA,NA,2,4.7,28
Melbourne High School,South Yarra,56,18,672,62,NA,97,100,98,99,NA,37,34.2,2,-3,1,-14,-9,NA,2,0,-23,0,NA,1,3.6,7
Melbourne Polytechnic,Preston,17,25,41,189,189,NA,NA,NA,72,71,NA,NA,560,0,7,-38,-4,-6,NA,NA,NA,-5,2,NA,NA,-2
Melbourne Rudolf Steiner Schl,Warranwood,22,1,52,Less than 4,NA,87,97,NA,ID,NA,30,4.9,193,5,NA,-8,NA,NA,-4,-3,NA,NA,NA,-1,-1.8,-45
Melton Christian College,Brookfield,25,9,74,33,5,71,100,NA,96,79,26,2.4,412,-10,-8,12,10,-7,4,4,NA,26,6,0,1.7,26
Melton Secondary College,Melton,50,33,179,171,122,85,92,NA,73,86,28,2.8,318,0,4,20,32,23,1,-2,NA,17,11,1,-1.6,36
Mentone Girls' Grammar School,Mentone,34,3,161,27,NA,100,100,22,100,NA,34,21.5,42,-4,-1,-7,-3,NA,1,1,-4,0,NA,0,0.6,2
Mentone Girls' Sec College,Mentone,52,16,344,55,4,92,99,19,91,0,31,11.1,121,1,0,15,-6,NA,-1,-1,4,6,NA,0,1.9,5
Mentone Grammar School,Mentone,45,22,307,70,13,98,100,22,93,99,35,20.5,34,-1,8,43,8,6,4,1,9,4,-1,0,-0.7,2
Mercy College,Coburg,34,14,128,50,14,100,100,7,91,88,27,4,349,0,1,2,23,2,3,2,6,-8,-12,-2,0,-88
Mercy Regional College,Camperdown,31,15,138,68,9,82,99,NA,94,100,28,2.2,323,-2,0,-10,1,1,4,1,NA,-2,0,0,0.5,8
Merinda Park Learning Centre,Cranbourne,3,2,Less than 4,20,44,NA,ID,NA,18,31,ID,ID,561,2,-6,NA,-26,-17,NA,NA,NA,-6,8,NA,NA,-2
Methodist Ladies College,Kew,52,12,373,115,Less than 4,99,100,48,99,ID,36,26,17,6,0,-11,-18,NA,-1,0,3,0,NA,0,-2.3,-4
Mildura Senior College,Mildura,66,37,558,387,186,58,97,2,71,75,27,2.3,372,-3,-6,10,7,-4,-4,2,-1,-7,4,0,0.2,15
Mill Park Secondary College,Epping,70,28,413,222,66,85,93,1,74,93,24,1.8,484,3,-4,-18,-47,-9,4,-2,-4,-1,0,-1,-0.4,-30
Minaret College,Springvale,23,3,164,Less than 4,Less than 4,99,99,1,ID,ID,28,4.4,287,0,NA,8,NA,NA,-1,-1,NA,NA,NA,1,-0.3,63
Minaret College,Officer,14,NA,38,NA,NA,100,100,NA,NA,NA,25,0.9,466,1,NA,-7,NA,NA,0,0,NA,NA,NA,0,0,7
Mirboo North Sec College,Mirboo North,23,15,59,29,27,86,100,7,91,99,31,4.3,158,-7,-2,-13,-9,-6,19,0,5,13,9,2,2.8,124
Monbulk College,Monbulk,39,24,103,87,33,90,96,4,100,85,27,3.3,356,6,1,17,9,-13,15,-2,1,0,2,-2,-2.4,-125
Monivae College,Hamilton,34,14,113,70,17,69,100,NA,97,100,29,2.8,257,-5,-7,4,-1,-10,-2,0,NA,10,1,0,-0.1,18
Monterey Secondary College,Frankston North,21,15,53,66,54,88,100,NA,66,75,24,0,507,1,-2,2,-16,-4,30,8,NA,-4,0,2,0,17
Montmorency Sec College,Montmorency,31,19,144,48,37,90,99,6,99,89,30,4.2,201,-3,-5,22,2,-2,1,1,1,0,10,1,-1.7,28
Mooroolbark College,Mooroolbark,47,28,222,130,69,62,98,NA,85,66,27,1.9,379,-4,2,19,-22,-11,-16,1,NA,0,-5,0,-0.6,-4
Mooroopna Secondary College,Mooroopna,38,17,60,53,36,61,100,NA,63,64,26,0,444,3,-2,-16,-4,-1,-1,3,NA,-16,-22,3,-1.3,62
Mordialloc College,Mordialloc,42,32,114,73,54,86,98,1,93,80,30,9.8,164,1,7,-19,5,20,8,4,-1,0,-17,3,4.1,183
Mornington Secondary College,Mornington,57,28,389,99,91,67,97,6,82,92,27,1.6,383,2,-6,25,-36,-22,-1,1,4,6,0,0,0.5,17
Mortlake College,Mortlake,14,5,19,7,Less than 4,44,100,NA,100,ID,29,2.8,258,-5,-2,-3,-3,NA,-6,0,NA,0,NA,-4,-10.5,-186
Mount Alexander 7-12 Coll,Flemington,35,13,71,30,26,86,100,2,94,99,27,4.2,348,8,-5,7,-12,-13,-8,6,NA,9,5,1,2.7,86
Mount Beauty Sec College,Mount Beauty,33,10,61,38,4,64,96,1,72,82,28,2,325,5,-2,2,4,NA,20,0,-1,-28,NA,1,-0.1,63
Mount Clear College,Mount Clear,56,29,171,196,81,58,95,1,66,56,26,1.4,425,3,0,3,55,15,1,5,NA,-7,-4,2,0.1,62
Mount Eliza Sec College,Mount Eliza,42,32,148,79,31,72,99,1,76,71,29,3,256,-1,6,-14,-10,2,-12,0,-3,-13,-1,1,-1.2,40
Mount Erin College,Frankston,41,30,141,109,44,91,97,3,77,88,28,1.6,329,-1,8,8,45,7,22,-2,2,-15,0,1,0.7,73
Mount Evelyn Christian School,Mount Evelyn,33,18,77,80,48,80,100,NA,88,96,29,5.2,227,-3,0,-24,10,0,-3,0,NA,-1,21,-1,-0.2,-39
Mount Lilydale Mercy College,Lilydale,58,29,361,243,52,86,100,5,90,100,28,2.5,321,5,3,49,34,13,-4,1,-1,1,3,-1,-2.2,-71
Mount Ridley P-12 College,Craigieburn,38,24,217,136,91,97,96,3,90,100,26,1.1,432,-11,-4,15,-16,7,-2,-3,2,24,54,1,-1,23
Mount Scopus Memorial College,Burwood,40,15,207,182,NA,98,100,4,97,NA,36,29.1,10,-1,1,-5,15,NA,1,1,-2,0,NA,-1,-6.7,-8
Mount St Joseph Girls' College,Altona,49,22,202,52,34,95,99,12,74,100,31,11.5,119,-2,1,-11,-1,6,-5,-1,-1,-15,5,0,3.9,23
Mount Waverley Sec College,Mount Waverley,52,12,482,39,NA,96,98,44,97,NA,31,7.2,143,-7,-3,43,1,NA,-1,-1,7,17,NA,1,1.3,41
Mountain District Christian SC,Monbulk,13,3,20,Less than 4,NA,50,100,NA,ID,NA,27,2.3,373,-7,-5,-3,NA,NA,-7,7,NA,NA,NA,-3,-0.6,-165
Mountain District Learn Centre,Ferntree Gully,7,9,Less than 4,28,30,NA,ID,NA,46,39,ID,ID,562,4,4,NA,0,-1,NA,NA,NA,-16,-18,NA,NA,-2
Mt Hira College,Keysborough,14,NA,47,NA,NA,100,100,1,NA,NA,27,5,344,-2,NA,-14,NA,NA,0,0,0,NA,NA,0,2.8,42
Mullauna College,Mitcham,29,8,99,16,Less than 4,85,100,NA,83,ID,30,5.2,190,0,-2,-11,2,NA,-7,2,NA,-12,NA,-1,-3.1,-55
Murrayville Community College,Murrayville,10,3,23,12,5,50,100,NA,65,80,33,4.8,78,-7,-3,-2,-17,1,-50,0,NA,-12,-20,1,-16.6,3
Murtoa P-12 College,Murtoa,23,14,35,26,12,75,94,NA,77,72,29,8.9,210,4,5,-3,11,3,-9,-2,NA,-14,-28,1,6.5,113
Myrtleford P-12 College,Myrtleford,19,6,22,8,19,81,100,NA,100,100,24,0,508,-2,1,-8,-2,2,28,12,NA,0,21,-2,-1.6,-76
Nagle College,Bairnsdale,38,22,137,117,39,63,100,2,85,95,28,2,326,-2,3,-28,-9,2,12,1,1,-9,5,2,0.4,107
Narre Community Learn Centre,Narre Warren,7,15,14,75,68,NA,NA,NA,73,72,NA,NA,563,3,-1,8,11,14,NA,NA,NA,0,-1,NA,NA,-2
Narre Warren Sth P-12 College,Narre Warren South,44,26,300,232,218,100,100,1,100,100,32,10.7,95,-2,-2,38,-8,-17,3,2,-2,0,0,2,6.9,107
Nathalia Secondary College,Nathalia,29,13,39,35,20,44,100,NA,76,93,23,0,519,1,-3,10,2,5,-23,0,NA,1,2,-5,-2.2,-193
Nazareth College,Noble Park North,52,24,169,70,42,94,100,4,88,97,29,4.7,232,14,5,26,7,16,-5,0,3,-4,0,0,-0.3,10
Neerim District Sec College,Neerim South,24,9,32,21,12,94,100,NA,97,94,28,0,336,0,0,4,-4,0,2,0,NA,2,3,0,-6.2,-50
Newcomb Secondary College,Newcomb,45,28,84,107,67,41,93,NA,86,60,27,0,395,6,3,21,-11,-6,-10,2,NA,-11,-17,3,0,106
Newhaven College,Rhyll,29,3,129,45,NA,90,100,4,97,NA,31,8.2,134,-2,0,-8,12,NA,10,0,0,0,NA,0,3,21
Nhill College,Nhill,20,10,40,26,15,67,100,NA,79,72,28,1.9,327,-14,-4,-10,4,3,-7,0,NA,-9,-24,-1,-5.6,-111
Noble Park Secondary College,Noble Park,32,11,82,39,40,81,93,3,44,89,26,0.5,439,2,-1,-21,-8,-7,5,-4,0,-28,-2,1,-1.6,17
North Geelong Sec College,Geelong North,56,34,165,149,145,81,97,1,66,73,26,1.6,422,7,7,43,29,41,-4,1,NA,2,-16,1,-0.3,40
North Melbourne Grammar Coll,North Melbourne,10,NA,26,NA,NA,71,88,NA,NA,NA,25,0,477,1,NA,2,NA,NA,-2,8,NA,NA,NA,3,0,48
North Ringwood Comm House,Ringwood North,7,13,5,13,22,NA,NA,NA,71,38,NA,NA,564,NA,NA,NA,NA,NA,NA,NA,NA,NA,NA,NA,NA,NA
Northcote High School,Northcote,83,33,448,183,24,90,98,27,85,80,30,6.6,178,23,3,6,30,12,-2,-1,2,0,2,-1,-2.3,-47
Northern Bay P-12 College,Corio,55,28,71,121,90,49,91,NA,77,56,22,2.2,521,15,-1,-3,28,19,-6,3,NA,7,8,0,2.2,5
Northern College of Arts & Tech,Preston East,49,29,286,408,228,36,97,NA,95,98,27,2.5,368,-7,1,-3,17,-4,-1,3,NA,1,-1,0,-2.1,-16
Northside Christian College,Bundoora,21,7,38,8,Less than 4,81,100,NA,91,ID,30,14.6,162,1,-1,10,-5,NA,18,0,NA,-7,NA,0,4.2,-2
Norwood Secondary College,Ringwood,45,25,272,110,34,62,100,NA,82,93,29,5.9,219,5,2,30,9,3,-12,2,NA,-10,-5,1,2.6,87
Nossal High School,Berwick,42,2,422,9,NA,99,99,56,100,NA,35,26.1,20,-3,-1,-2,-12,NA,0,-1,9,0,NA,-1,4.6,4
Notre Dame College,Shepparton,54,37,355,613,106,76,99,3,86,92,29,4.9,228,-12,-2,-40,-15,-16,1,0,0,-2,8,0,-1.8,-9
Numurkah Secondary College,Numurkah,25,17,51,44,29,38,94,NA,73,95,27,2.9,360,-4,-1,16,0,-6,13,-6,NA,-3,22,4,2.9,153
Nunawading Christian College,Nunawading,17,2,40,Less than 4,NA,96,100,NA,ID,NA,32,11.1,92,-1,-1,-3,NA,NA,-1,0,NA,NA,NA,2,2.9,73
Oakleigh Grammar,Oakleigh,23,4,93,4,NA,89,100,3,100,NA,29,1.7,270,-3,1,13,NA,NA,-7,0,-3,NA,NA,-1,-1.4,-63
Oakwood School,Caulfield North,16,25,69,119,53,NA,NA,NA,34,62,NA,NA,565,-2,-4,19,16,6,NA,NA,NA,-25,15,NA,NA,-3
Oberon High School,Belmont,49,25,98,43,29,67,98,1,74,94,27,4.6,345,5,7,-26,10,1,2,-2,-4,-21,3,-2,0.3,-89
Orbost Secondary College,Orbost,18,10,65,59,34,57,93,NA,80,56,24,0,509,1,3,5,-10,16,-7,-2,NA,18,-31,2,0,18
Our Lady of Mercy College,Heidelberg,46,14,294,31,8,99,100,25,93,82,32,11.5,90,-3,1,-45,-34,-4,2,0,-7,0,-18,0,0.5,4
Our Lady of Sacred Heart Coll,Bentleigh,44,19,176,220,27,97,99,7,98,99,33,11.5,73,-5,3,7,29,11,-2,1,4,-2,-1,1,3.3,33
Our Lady of Sion College,Box Hill,38,10,208,22,10,97,100,20,93,78,33,12.7,69,-7,-6,-9,-9,1,2,0,8,-1,-2,0,1.4,9
Ouyen P-12 College,Ouyen,16,7,33,31,10,70,100,NA,100,100,27,7.5,339,3,-1,14,-12,-5,-19,0,NA,5,0,-5,0,-227
Overnewton Anglican Comm Coll,Keilor,44,11,239,174,NA,90,99,3,81,NA,30,5,191,3,5,-6,16,NA,-4,-1,-3,-17,NA,0,-1.7,-17
Oxley Christian College,Chirnside Park,32,7,135,7,NA,98,100,7,100,NA,32,8.7,107,-4,0,-16,0,NA,4,0,1,0,NA,0,-1.3,-8
Ozford College,Melbourne,14,1,28,23,23,60,75,NA,84,83,20,2.2,530,4,0,13,-4,-7,-20,-25,NA,-16,-15,-1,2.2,0
Padua College,Mornington,69,45,541,398,92,79,99,4,94,88,30,4.3,199,11,8,98,156,28,-2,0,-4,0,1,1,0.4,63
Pakenham Secondary College,Pakenham,48,30,120,96,73,98,100,NA,97,81,27,1.9,380,-6,-6,-10,-23,-11,2,0,NA,0,2,0,0.1,13
Parade College,Bundoora,50,19,451,297,138,85,100,12,85,98,30,7.5,173,-10,-2,92,16,15,-7,0,-11,-4,-1,-1,0.9,-24
Parkdale Secondary College,Mordialloc,74,31,389,204,71,70,98,4,86,94,29,4.5,234,15,-1,29,6,0,2,1,-3,-12,-2,0,0.8,34
Parkville College,Parkville,11,23,6,180,130,0,100,NA,84,89,NA,NA,566,7,-4,NA,28,34,0,NA,NA,-12,-9,NA,NA,-3
Pascoe Vale Girls Sec College,Pascoe Vale,40,18,250,76,54,93,99,12,85,89,27,2.4,371,1,3,-16,-25,18,2,6,-8,7,13,0,-0.3,-1
Patterson River Sec College,Carrum,56,31,179,105,56,64,94,1,81,92,27,0,396,4,-1,4,0,5,-6,-1,-1,-16,-6,-1,-1.6,-64
Peninsula Grammar,Mount Eliza,40,13,287,17,NA,96,99,8,94,NA,32,10,99,-4,2,3,1,NA,3,-1,0,11,NA,-1,-4.9,-31
Penleigh & Essendon Grammar,Keilor East,40,4,309,8,NA,97,100,59,98,NA,35,24.3,23,2,-1,21,-1,NA,1,0,-9,13,NA,0,0.3,8
Penola Catholic College,Broadmeadows,56,36,317,271,80,86,100,12,85,81,27,2.9,361,-1,5,54,28,10,4,1,4,-7,-10,-2,0.8,-80
Peter Lalor Vocational Coll,Lalor,14,26,20,91,125,NA,NA,NA,83,60,NA,NA,567,-2,1,-10,-17,4,NA,NA,NA,-15,-24,NA,NA,-3
Phoenix P-12 Comm Coll,Sebastopol,39,28,126,146,96,64,95,NA,80,85,27,2,376,2,12,-24,21,34,-9,-4,NA,1,-4,1,0.1,52
Pines Learning,Doncaster East,3,15,4,13,28,NA,NA,NA,74,46,NA,NA,568,-3,3,-1,0,-4,NA,NA,NA,18,1,NA,NA,-3
Plenty Valley Christian College,Doreen,39,22,114,64,7,80,100,1,98,100,29,4.2,238,-1,0,10,-6,-8,-9,0,-1,7,0,-1,-1.6,-52
Point Cook Senior Sec College,Point Cook,65,32,326,200,109,84,94,3,81,88,27,3.6,353,8,-1,27,-32,0,0,-1,2,2,-6,0,0.9,18
Portland Secondary College,Portland,30,8,142,103,45,49,99,NA,75,79,25,0.8,467,-6,-5,1,0,4,-13,2,NA,-5,10,-1,0.2,-27
Presbyterian Ladies' College,Burwood,36,2,239,Less than 4,NA,100,100,64,ID,NA,36,31.7,6,4,1,-41,NA,NA,0,0,-8,NA,NA,0,3.2,6
Presentation College,Windsor,37,11,138,63,9,95,99,8,97,100,30,7.5,174,-11,-9,-14,3,1,-1,0,2,8,0,0,0.9,1
Preshil The Margaret Lyttle SC,Kew,24,4,27,5,NA,85,96,2,54,NA,30,3.7,207,2,-4,-20,-6,NA,0,0,NA,-31,NA,1,0.7,66
Preston Reservoir ACE,Reservoir,2,6,Less than 4,46,65,NA,ID,NA,37,30,ID,ID,569,NA,4,NA,-12,2,NA,NA,NA,4,-1,NA,NA,-3
Princes Hill Sec College,Princes Hill,49,23,191,38,20,93,100,17,96,87,32,13.8,81,6,3,-2,-5,6,2,2,6,3,-6,1,3.9,40
Rainbow P-12 College,Rainbow,16,6,15,7,5,100,100,1,100,100,28,0,337,-2,0,-4,-2,0,29,0,NA,11,12,0,-2.5,-15
Red Cliffs Secondary College,Red Cliffs,36,19,88,63,40,39,100,NA,55,77,22,1.7,522,4,0,-51,-14,-10,0,1,NA,-13,-2,-2,-0.6,-38
Reservoir High School,Reservoir,36,15,100,40,23,82,100,3,87,94,27,4.4,346,-4,-2,-22,-16,5,-3,3,-5,6,-2,0,1.4,18
Ringwood Secondary College,Ringwood,70,38,351,129,49,91,97,12,81,94,30,5.5,185,-6,4,0,17,0,2,0,1,1,8,1,-0.7,40
River Nile School,North Melbourne,1,5,10,26,46,NA,NA,NA,77,34,NA,NA,570,0,2,NA,0,12,NA,NA,NA,19,3,NA,NA,-3
RMIT TAFE,Melbourne,41,3,264,Less than 4,Less than 4,52,69,NA,ID,ID,26,2.2,415,5,-2,-2,NA,NA,0,-1,NA,NA,NA,1,0.5,50
Robinvale College,Robinvale,14,12,23,38,26,75,94,NA,61,80,21,1.5,528,-8,0,-25,-15,2,29,-1,NA,-15,-14,-3,0.5,-38
Rochester Secondary College,Rochester,31,12,72,52,27,90,100,1,72,89,27,2.9,362,-1,-3,-20,0,-2,15,2,-3,-7,-10,0,1.4,34
Rosebud Secondary College,Rosebud,64,35,208,119,76,68,99,11,93,76,29,3.8,246,5,3,-8,-4,3,-5,0,5,4,-10,1,2,83
Rosehill Secondary College,Niddrie,50,15,215,30,27,79,95,4,73,77,29,4.2,239,6,3,-1,-11,-4,-1,-4,0,-16,-11,0,1.8,37
Rowville Secondary College,Rowville,62,47,385,258,131,63,92,NA,86,81,26,1.6,423,-10,6,-107,26,20,4,-2,NA,8,1,-1,0.1,-26
Roxburgh College,Roxburgh Park,37,19,262,399,112,90,85,NA,81,88,25,3.5,451,4,4,9,16,5,-3,-7,NA,-4,5,0,2.2,19
Rushworth P-12 College,Rushworth,15,7,16,9,14,50,88,NA,95,95,26,0,445,-4,-3,-2,-1,6,-4,-12,NA,32,27,0,0,1
Rutherglen High School,Rutherglen,23,13,45,50,17,29,100,NA,87,69,28,4,298,1,4,-21,-12,4,-12,3,NA,-1,-19,2,1,120
Ruyton Girls' School,Kew,36,3,159,9,NA,100,100,36,81,NA,37,29.9,5,-1,-4,-1,-9,NA,0,0,9,-19,NA,1,3.1,11
Sacre Coeur,Glen Iris,29,3,156,4,NA,99,100,19,100,NA,36,26.5,16,-7,-1,0,-1,NA,-1,0,3,0,NA,0,0.2,2
Sacred Heart College,Yarrawonga,19,15,65,75,15,72,100,NA,97,95,28,4.9,284,-12,-2,12,-13,-6,-28,0,NA,-1,2,0,3.9,52
Sacred Heart College Geelong,Newtown,70,33,401,241,58,88,100,6,99,98,31,8,136,1,0,14,36,-1,-3,0,-7,0,0,-3,-5.6,-78
Sacred Heart College Kyneton,Kyneton,40,19,195,130,39,90,100,4,77,87,31,6.6,150,-6,-1,15,5,13,3,0,0,-10,-12,0,-2.8,-27
Sacred Heart Girls' College,Hughesdale,45,13,243,30,NA,98,100,13,93,NA,32,10.9,93,1,4,30,9,NA,-1,0,-7,-7,NA,-2,-2.7,-34
Saint Ignatius College,Drysdale,46,26,259,77,52,77,100,7,89,98,31,6,154,-4,1,64,19,7,7,0,3,-7,7,-1,-1.9,-45
Sale College,Sale,32,17,128,89,52,52,99,NA,85,60,25,1.2,464,-9,-1,-32,-5,-17,-13,3,NA,2,-24,0,0.3,10
Salesian College,Chadstone,42,11,214,62,19,89,99,10,94,99,31,6.4,153,-6,-6,-15,7,-8,-2,-1,2,-2,4,0,1.4,3
Salesian College Sunbury,Sunbury,51,27,273,109,52,93,99,5,80,84,29,3.1,254,2,-2,68,-22,-9,3,0,2,0,5,0,0.8,23
Sandringham College,Sandringham,65,31,280,186,55,74,95,7,87,91,28,3.8,304,9,8,3,33,9,-6,-2,1,-3,2,-1,0.3,-34
Santa Maria College,Northcote,51,18,236,41,8,97,100,4,91,91,31,7.9,137,8,5,16,3,1,3,0,-2,10,-9,0,-2.2,-19
Scoresby Secondary College,Scoresby,28,20,50,37,16,72,100,NA,81,100,28,1.6,330,7,5,0,10,-2,-5,0,NA,-9,7,4,1.6,172
Scotch College,Hawthorn,45,8,450,11,NA,97,100,83,99,NA,35,21.6,31,-1,3,11,3,NA,0,0,1,28,NA,-1,-5.2,-14
SEDA College,Hawthorn East,13,13,402,740,750,NA,NA,NA,93,91,ID,ID,571,3,6,-49,-67,-74,NA,NA,NA,-1,-1,NA,NA,-3
Seymour College,Seymour,41,31,91,142,29,66,95,NA,79,90,26,1.3,429,11,9,6,20,4,-6,7,NA,-17,3,1,-1.3,21
Shelford Girls' Grammar,Caulfield,35,7,131,10,NA,98,100,13,100,NA,35,22.3,30,-7,-5,-6,-12,NA,1,0,-6,0,NA,-1,-3.1,-10
Shepparton ACE College,Shepparton,3,7,7,23,58,NA,NA,NA,67,50,NA,NA,572,2,3,3,-2,-4,NA,NA,NA,2,-1,NA,NA,-3
Shepparton Christian College,Shepparton,23,16,26,23,11,69,100,NA,91,100,27,1.4,385,-10,2,-7,1,2,13,0,NA,14,32,-1,-9.1,-100
Shepparton High School,Shepparton,44,22,86,79,82,62,87,1,81,89,24,0.5,495,-3,-1,-39,-15,-3,-11,3,NA,9,3,0,-1.5,-10
Sherbrooke Community School,Sassafras,23,12,32,35,8,58,100,NA,82,48,26,0,446,9,1,4,3,-1,18,20,NA,8,-20,1,-2.6,5
Siena College,Camberwell,43,13,191,25,NA,99,99,14,98,NA,34,17.5,50,2,4,27,11,NA,-1,-1,9,0,NA,0,3.2,7
Simonds Catholic College,Fitzroy North,32,22,91,33,15,88,100,3,76,99,29,2.7,262,-2,4,-16,-12,0,-4,2,-3,-8,4,-2,-1.5,-104
Sirius College - Eastmeadows,Broadmeadows,18,NA,144,NA,NA,100,100,3,NA,NA,31,11.4,120,1,NA,6,NA,NA,0,0,-6,NA,NA,0,2,4
Sirius College - Keysborough,Keysborough,17,NA,57,NA,NA,100,100,NA,NA,NA,28,5.8,278,1,NA,-8,NA,NA,0,0,NA,NA,NA,-1,0.3,-44
Sirius College - Meadow Fair,Broadmeadows,19,NA,143,NA,NA,99,100,2,NA,NA,31,13.3,116,1,NA,-6,NA,NA,2,0,1,NA,NA,-2,0.9,-42
Skillsplus,Frankston,14,13,6,100,99,NA,NA,NA,65,61,NA,NA,573,7,9,NA,9,8,NA,NA,NA,-13,-8,NA,NA,-3
Somerville Secondary College,Somerville,25,18,44,35,28,70,100,1,78,82,26,0.9,434,-1,0,-3,14,4,31,6,NA,-15,-12,1,-1.1,24
South Oakleigh Sec College,Oakleigh South,30,1,100,15,NA,85,95,NA,77,NA,29,2.8,259,0,-1,16,-10,NA,12,-2,NA,-6,NA,0,-0.2,15
South West Institute of TAFE,Warrnambool,9,18,4,91,112,NA,NA,NA,71,84,NA,NA,574,-12,-5,-22,-42,-41,NA,NA,NA,20,25,NA,NA,-3
Southern Cross Grammar,Caroline Springs,19,5,42,14,NA,100,100,NA,100,NA,31,4.6,157,13,2,26,1,NA,NA,NA,NA,0,NA,-3,-3.7,-95
Southern Grampians Adult Edu,Hamilton,NA,6,NA,22,24,NA,NA,NA,59,46,NA,NA,575,NA,2,NA,-1,1,NA,NA,NA,-12,-12,NA,NA,-3
St Albans Secondary College,St Albans,51,26,246,137,72,92,97,23,80,90,30,6.5,179,3,1,-11,-91,-20,2,2,5,-4,-1,0,-1.9,-15
St Aloysius College,North Melbourne,40,14,118,27,14,96,100,10,100,100,30,7.8,170,5,1,8,1,4,-2,0,2,0,0,-2,2.9,-56
St Andrews Christian College,Wantirna South,34,9,67,20,NA,81,97,NA,100,NA,31,8.2,135,2,1,9,9,NA,-15,-3,NA,0,NA,-1,-2.6,-38
St Arnaud Secondary College,St Arnaud,27,15,35,23,19,52,91,NA,61,89,24,1.1,490,5,3,5,-3,4,-29,-9,NA,-9,6,-2,0.1,-55
St Augustine's College,Kyabram,35,16,85,52,12,78,100,1,91,100,28,3.9,300,3,-4,16,10,2,-8,7,NA,-4,6,-1,0.1,-36
St Bede's College,Mentone,49,18,333,99,56,88,98,7,96,98,30,7.8,171,4,-1,-16,-19,13,2,-2,1,0,-2,-1,-0.1,-30
St Bernard's College,Essendon,45,21,327,158,43,86,100,9,83,98,31,8.8,130,-1,-3,13,14,17,-4,0,4,-10,3,0,0.8,10
St Brigid's College,Horsham,39,18,95,47,82,47,100,1,98,97,28,3.1,313,3,-1,-9,-10,-3,-31,2,NA,29,12,0,0.4,7
St Catherine's School,Toorak,39,9,149,19,NA,99,100,12,100,NA,35,19.6,35,3,1,-12,0,NA,0,0,-13,4,NA,1,-0.4,12
St Columba's College,Essendon,45,13,239,64,15,97,100,16,97,100,32,12.2,85,-8,-1,2,9,3,-2,0,6,1,10,0,0.3,5
St Francis Xavier College,Beaconsfield,62,31,541,441,176,83,99,12,94,89,30,5.3,189,6,3,28,24,29,6,0,-5,-1,-1,1,1,68
St Helena Secondary College,Eltham,41,27,380,252,43,79,98,1,75,91,29,3.9,244,-13,-1,-9,-49,6,-8,-1,0,-10,-3,-1,-1.8,-57
St John's Greek Orth College,Preston,19,2,22,Less than 4,NA,63,94,1,ID,NA,29,4.3,237,1,NA,3,NA,NA,-4,-6,-1,NA,NA,3,0.9,178
St John's Regional College,Dandenong,44,22,247,117,53,94,100,2,86,92,27,2.7,364,-2,1,43,-21,23,6,1,-3,-8,-6,-1,-0.3,-50
St Joseph's College,Newtown,62,31,433,282,40,74,98,11,98,94,31,9.8,126,11,9,46,46,-15,2,-1,8,0,-5,0,-0.2,-6
St Joseph's College,Ferntree Gully,47,27,257,313,64,83,100,1,90,100,30,5.7,183,-4,-2,-13,-30,-2,-5,1,0,1,2,0,-0.7,-3
St Joseph's College,Mildura,41,25,122,95,30,75,100,NA,71,98,29,5.6,224,-7,-2,-51,4,-10,2,0,NA,-6,9,0,-0.7,-1
St Joseph's College,Echuca,39,22,227,235,29,81,96,2,90,97,29,1.8,269,-2,0,-34,11,7,6,0,1,-3,2,1,0,61
St Kevin's College,Toorak,36,8,358,12,NA,100,100,39,98,NA,36,30.2,7,-3,3,-13,4,NA,2,0,15,-2,NA,-1,-0.6,-2
St Leonard's College,Brighton East,41,12,179,28,NA,89,100,10,98,NA,34,20.1,43,4,7,5,5,NA,2,0,2,-1,NA,0,4.2,12
St Margaret's School,Berwick,28,2,98,Less than 4,NA,98,100,8,ID,NA,34,17.2,51,2,-1,1,NA,NA,-2,0,-1,NA,NA,-1,-3.2,-14
St Mary MacKillop College,Swan Hill,27,12,109,102,31,86,100,NA,99,85,30,4.8,196,-6,-3,-4,-41,-1,-8,0,NA,3,-6,1,0.2,55
St Mary of the Angels School,Nathalia,50,32,119,81,44,78,100,NA,79,95,30,4.2,202,1,-2,-22,-1,-1,-3,0,NA,-2,5,3,2.3,189
St Mary's Coptic Orth College,Coolaroo,19,NA,111,NA,NA,86,97,3,NA,NA,27,8.6,338,2,NA,-9,NA,NA,-9,-3,-3,NA,NA,0,1,6
St Michael's Grammar School,St Kilda,44,7,195,13,NA,86,100,20,100,NA,34,15.3,58,4,-2,6,-3,NA,-6,0,3,7,NA,1,0,7
St Monica's College,Epping,53,16,373,318,59,85,100,10,98,99,29,3.4,250,-1,0,-10,38,7,-2,0,-5,1,2,-1,-3.2,-74
St Patrick's College,Ballarat,48,23,344,251,30,69,100,2,97,95,30,5.4,187,8,2,-13,-7,7,-11,2,-3,1,-5,1,2.2,85
St Paul's Anglican Grammar Schl,Warragul,35,6,141,24,NA,91,100,13,95,NA,33,12.7,70,-5,-1,-57,-13,NA,-4,1,1,0,NA,1,2.5,28
St Peter's College,Cranbourne,68,37,319,189,80,79,100,4,94,97,27,0.9,388,9,3,32,-7,21,-2,0,0,6,5,0,-1.4,-7
St Thomas Aquinas College,Tynong,12,NA,18,NA,NA,100,100,5,NA,NA,32,8.6,109,0,NA,-7,NA,NA,35,0,2,NA,NA,4,5.7,208
Star of the Sea College,Brighton,45,14,288,49,17,99,100,8,98,100,34,16.5,54,-4,1,20,-4,9,0,0,-4,4,5,1,1.7,15
Staughton College,Melton South,33,23,122,76,100,82,98,1,72,89,26,0.4,441,-9,-5,-17,-3,20,17,4,NA,8,24,0,-0.2,0
Stawell Secondary College,Stawell,32,24,79,81,45,58,98,NA,83,16,26,0.5,440,7,-6,12,22,11,17,1,NA,-16,-27,2,-0.2,53
Stott's College,Melbourne,10,NA,19,NA,NA,67,93,1,NA,NA,25,0,478,-1,NA,-5,NA,NA,-29,-7,-4,NA,NA,-2,-6.2,-133
Strathcona Baptist Girls GS,Canterbury,35,10,159,12,Less than 4,95,100,26,100,ID,35,24.6,22,2,7,-4,NA,NA,-4,0,1,NA,NA,-1,-1.2,-3
Strathmore Secondary College,Strathmore,42,10,361,22,NA,91,98,12,91,NA,31,8.6,133,-5,0,-10,-4,NA,-1,0,-4,1,NA,-1,-0.4,-30
Sunbury College,Sunbury,46,22,192,159,47,81,98,NA,83,82,26,1.6,424,6,-2,-8,-14,22,6,1,NA,-7,-6,-1,-0.4,-34
Sunbury Downs Sec College,Sunbury,29,10,131,145,68,59,100,2,79,73,31,9.9,125,-1,-6,-10,-3,0,-1,4,NA,1,-21,0,5.3,32
Sunraysia Institute of TAFE,Mildura,2,13,7,35,39,NA,NA,NA,86,60,NA,NA,576,-1,2,3,9,12,NA,NA,NA,2,4,NA,NA,-3
Sunshine College,Sunshine,41,24,209,239,230,96,98,8,87,88,29,4.7,233,-2,2,41,14,8,0,2,2,-4,6,0,2.5,46
Surf Coast Sec College,Torquay,36,23,104,120,18,59,98,NA,91,78,28,1.6,331,-12,1,-25,13,-6,10,-2,NA,3,-3,0,-0.4,-4
Suzanne Cory High School,Werribee,35,NA,427,NA,NA,98,99,64,NA,NA,34,18.3,47,-1,NA,24,NA,NA,-1,-1,15,NA,NA,-1,-1.4,-9
Swan Hill College,Swan Hill,34,20,181,237,102,91,100,NA,73,68,27,2.7,365,1,-4,-18,-27,-13,14,1,NA,-17,-7,2,-0.3,84
Swifts Creek P-12 School,Swifts Creek,17,4,12,8,8,63,100,NA,49,80,24,0,510,4,1,1,1,2,-37,0,NA,-47,44,-5,-15.8,-297
Swinburne Senior Sec College,Hawthorn,62,29,246,80,42,86,97,3,91,93,28,4.4,288,7,4,-16,-5,6,7,6,2,13,-6,0,3.6,50
Swinburne Uni of Tech - TAFE,Croydon,10,20,21,111,91,NA,NA,NA,83,78,NA,NA,577,2,4,-3,-8,-31,NA,NA,NA,13,17,NA,NA,-3
Sydney Road Community School,Brunswick,16,8,22,15,22,70,100,NA,47,98,26,0,447,4,-1,4,-2,-1,3,17,NA,-17,23,3,0,67
Tallangatta Secondary College,Tallangatta,29,16,92,94,29,55,100,NA,99,80,26,3.7,403,-3,-2,7,1,6,-9,0,NA,6,9,-2,3.2,-64
Tarneit Senior College,Tarneit,35,18,172,36,36,97,99,4,80,85,25,0.4,472,-1,4,12,8,8,7,2,2,4,-4,-1,-0.2,-30
Taylors Lakes Sec College,Taylors Lakes,54,31,290,184,86,93,99,10,90,91,26,1.2,431,7,7,21,40,8,1,0,5,-2,2,-1,-1.1,-49
Templestowe College,Templestowe Lower,58,26,293,96,39,58,93,1,83,58,28,3.5,307,-1,2,18,18,18,6,8,NA,-1,-18,0,0.6,11
Terang College Sec Campus,Terang,20,12,24,22,14,92,100,NA,100,93,28,3,316,-7,-4,-11,-7,-1,0,0,NA,11,3,-1,-2.3,-81
The David Scott School,Frankston,6,16,5,38,56,NA,NA,NA,92,72,NA,NA,578,0,3,-5,2,4,NA,NA,NA,4,14,NA,NA,-2
The Geelong College,Newtown,39,6,230,25,NA,96,100,18,94,NA,33,15.2,65,1,-1,-13,-3,NA,0,1,-11,0,NA,-1,-3.9,-16
The Grange P-12 College,Hoppers Crossing,33,22,127,96,72,80,97,1,83,87,28,3.2,312,3,3,-31,-37,-2,11,3,NA,-2,4,3,1.8,156
The Hamilton & Alexandra Coll,Hamilton,36,8,121,56,NA,95,100,8,100,NA,32,9.6,101,-1,-2,-6,-2,NA,1,0,2,1,NA,0,-3.1,-13
The King David School,Armadale,39,12,115,67,NA,100,100,6,90,NA,35,23.1,27,0,1,-9,0,NA,5,0,1,-7,NA,-1,-2.2,-6
The Knox School,Wantirna South,30,4,123,18,NA,97,100,7,95,NA,32,8.4,110,-5,-3,-11,-9,NA,1,0,4,9,NA,0,-0.1,-5
Thomas Carr College,Tarneit,59,39,329,126,53,87,99,9,91,97,27,2,377,9,5,12,-11,-10,-4,0,0,-4,1,0,0.7,22
Thomastown Secondary College,Thomastown,33,13,106,20,Less than 4,76,94,NA,93,ID,24,1.2,489,1,-2,19,-10,NA,1,-1,NA,2,NA,1,-0.7,16
Thornbury High School,Thornbury,44,25,232,101,85,94,99,4,86,87,30,2.9,209,-5,-1,30,-18,13,-1,1,2,8,-1,0,-1.6,-11
Timboon P-12 School,Timboon,24,11,43,31,12,83,100,NA,97,82,25,0,479,-1,-7,8,-6,-1,21,0,NA,-3,-14,-3,0,-137
Tintern Grammar, ,45,11,134,32,NA,89,100,6,83,NA,32,9.8,100,7,3,6,-1,NA,-5,0,0,-2,NA,1,1.3,33
Toorak College,Mount Eliza,35,5,142,14,Less than 4,98,100,9,98,ID,34,19.2,45,-3,-3,9,0,NA,6,0,-8,-2,NA,0,1.5,5
Trafalgar High School,Trafalgar,30,16,124,32,48,73,95,1,94,90,27,2.7,366,5,0,4,-2,12,-15,-5,NA,26,-4,-1,-1,-63
Traralgon College,Traralgon,33,27,125,122,101,58,88,NA,79,61,24,0.9,492,0,4,0,42,29,5,-2,NA,5,-35,1,0.9,23
Trinity College Colac,Colac,40,25,141,106,44,77,100,3,87,88,28,4,299,-4,-6,-35,-7,-4,0,4,NA,-5,-9,1,-0.6,54
Trinity Grammar School,Kew,38,3,268,11,NA,98,99,20,100,NA,35,21.2,32,0,0,13,1,NA,1,-1,-1,0,NA,-1,-3.5,-9
Tyrrell College,Sea Lake,14,8,30,32,9,100,100,NA,96,58,28,12.7,273,-6,-2,-2,-10,2,8,0,NA,2,-42,-1,2.3,-59
University High School,Parkville,54,16,401,32,NA,99,100,68,95,NA,33,14.9,67,-19,-4,-61,-4,NA,4,0,6,34,NA,1,0.1,16
Upper Yarra Secondary College,Yarra Junction,41,19,78,64,36,84,95,NA,72,98,25,2.2,458,11,4,-7,6,-2,-7,0,NA,-15,30,-1,0.5,-28
Upwey High School,Upwey,55,32,158,108,35,77,100,NA,91,92,26,3.3,405,12,5,5,6,-5,10,13,NA,-4,15,-1,1.6,-11
Vermont Secondary College,Vermont,55,26,348,57,5,92,100,18,100,46,31,8.9,129,6,6,71,22,NA,-5,0,1,1,NA,0,0.6,7
Victoria University - TAFE,Footscray,21,5,52,44,54,54,86,NA,77,35,21,0,529,1,2,-4,34,45,8,12,NA,66,-31,2,-0.8,2
Victoria University SC,St Albans,47,23,177,138,99,89,97,NA,95,79,26,2.5,410,3,1,-2,6,2,4,6,NA,0,-7,-1,-0.1,-37
Victorian College for the Deaf,Melbourne,NA,3,NA,7,13,NA,NA,NA,55,37,NA,NA,579,NA,-4,NA,-3,-1,NA,NA,NA,-4,-24,NA,NA,-2
Victorian College of the Arts,Southbank,26,1,207,26,NA,69,96,2,100,NA,33,16.1,62,2,0,12,0,NA,0,2,0,3,NA,-2,-7.2,-30
Victory Christian College,Strathdale,30,11,40,13,NA,74,100,NA,96,NA,29,3.5,249,-9,1,-17,-3,NA,6,0,NA,37,NA,0,-1.7,-12
Victory Lutheran College,West Wodonga,25,9,84,69,10,66,100,NA,96,77,28,4.2,294,1,0,19,6,NA,-3,3,NA,-2,NA,-3,-6.8,-177
Viewbank College,Rosanna,56,20,291,66,NA,88,99,23,98,NA,32,10.4,96,5,2,14,26,NA,0,0,0,14,NA,0,0.6,5
Wallan Secondary College,Wallan,40,24,102,78,53,39,82,1,76,70,22,0.8,523,5,3,44,-1,21,-12,-2,NA,-4,-12,-3,0.1,-47
Wanganui Park Sec College,Shepparton,53,21,220,130,88,74,96,2,70,78,27,2.3,374,2,0,-28,-4,6,4,-3,0,-10,-2,0,-0.6,-9
Wangaratta High School,Wangaratta,45,27,158,112,50,58,95,5,82,58,27,4.4,347,9,1,-9,10,-12,1,5,4,-4,6,-1,0.1,-53
Wantirna College,Wantirna,54,34,264,120,47,78,98,6,92,84,28,3.8,305,-1,7,41,37,7,-6,1,2,5,-7,0,-0.8,-13
Warracknabeal Sec College,Warracknabeal,22,15,33,24,23,88,100,NA,100,62,29,6.1,218,-7,-1,-10,-12,-8,4,0,NA,8,4,2,3.2,148
Warragul Regional College,Warragul,46,30,170,110,76,65,99,2,84,94,27,2.5,369,0,3,23,20,11,-1,4,NA,-5,-2,2,-1.6,78
Warrandyte High School,Warrandyte,37,21,115,45,Less than 4,75,96,NA,78,ID,28,2.7,319,3,9,-21,-30,NA,12,5,NA,-17,NA,2,-1.5,92
Warrnambool College,Warrnambool,48,27,238,99,64,71,94,5,80,91,27,3.3,357,-2,2,-23,7,39,-3,-1,-2,-11,3,-2,-1.5,-111
Waverley Christian College,Wantirna South,49,27,249,65,20,92,100,22,86,99,33,10.8,76,-3,10,-11,27,16,-1,1,6,4,13,0,-1,0
Wedderburn College,Wedderburn,22,14,38,52,17,50,100,NA,63,47,27,0,397,-2,0,8,-4,3,-21,0,NA,0,-29,-2,-4.2,-138
Wellington Secondary College,Mulgrave,54,20,442,60,34,96,100,20,98,100,29,4.9,229,-1,-5,7,7,-4,3,0,4,4,11,-1,-1.2,-46
Werribee Secondary College,Werribee,79,43,341,142,82,85,94,13,81,92,30,9.2,165,1,3,28,0,1,4,0,-1,16,0,0,-0.9,-4
Werrimull P-12 College,Werrimull,7,2,5,Less than 4,4,25,100,NA,ID,100,26,0,448,-1,1,-3,NA,NA,-75,0,NA,NA,NA,-3,0,-164
Wesley College,Melbourne,46,6,165,26,NA,92,99,3,100,NA,32,10.1,98,0,-3,-8,-12,NA,-1,-1,-6,2,NA,-1,-2,-23
Wesley College,Glen Waverley,35,4,120,15,NA,99,100,10,97,NA,32,8.7,108,3,-1,3,1,NA,1,0,-2,-3,NA,0,0.8,2
Westall Secondary College,Clayton South,36,18,130,63,40,86,99,11,79,69,27,3.6,354,8,6,33,29,-12,2,-1,6,-6,-24,-1,-1.5,-64
Westbourne Grammar School,Truganina,34,NA,203,NA,NA,99,100,21,NA,NA,34,16.5,55,1,NA,14,NA,NA,0,0,-2,NA,NA,0,1.3,1
Western Heights Sec College,Hamlyn Heights,38,22,100,146,69,38,83,NA,63,63,24,0.6,494,-9,-5,-53,-36,12,-1,-6,NA,7,-7,0,-0.5,-5
Western Port Sec College,Hastings,45,32,82,83,49,61,97,NA,87,85,25,0,480,8,11,-9,9,6,-8,1,NA,2,19,0,-0.5,-1
Western Senior Sec Coll,West Melbourne,1,2,43,74,88,NA,NA,NA,25,33,NA,NA,580,-1,1,-8,21,21,NA,NA,NA,-33,-43,NA,NA,-2
Wheelers Hill Sec College,Wheelers Hill,37,15,122,23,NA,72,98,4,73,NA,26,1.4,426,1,5,20,4,NA,-10,1,2,-7,NA,-1,-3.4,-77
Whitefriars College,Donvale,45,20,307,113,33,87,98,7,96,98,30,4.5,198,-5,-1,18,9,-4,-5,-2,-5,3,-2,0,-1.4,-13
Whittlesea Secondary College,Whittlesea,33,20,144,198,54,57,96,NA,79,86,26,2.4,413,-2,-6,7,-15,-14,-14,3,NA,5,5,-1,0.1,-30
William Angliss Inst of TAFE,Melbourne,10,3,12,34,35,0,0,NA,65,76,NA,NA,581,8,-1,-4,-9,-9,NA,NA,NA,6,6,NA,NA,-2
William Ruthven Sec College,Reservoir,25,15,98,29,16,90,92,NA,76,71,26,0.9,435,1,3,16,-1,7,4,8,NA,11,6,1,-0.2,36
Williamstown High School,Williamstown,55,22,402,98,37,79,98,11,85,94,32,9.1,104,-1,6,7,12,13,-5,-1,-5,-6,6,1,0.9,34
Wodonga Institute of TAFE,Wodonga,8,18,5,69,78,0,0,NA,66,69,NA,NA,582,NA,7,NA,19,27,NA,NA,NA,-24,-14,NA,NA,-2
Wodonga Senior Sec College,Wodonga,64,37,272,530,189,44,91,NA,94,67,24,2.5,483,-4,-8,-145,-42,-70,-6,-4,NA,-1,1,-1,0.7,-20
Wonthaggi Secondary College,Wonthaggi,46,26,194,209,57,72,98,2,82,84,27,4,350,7,-5,21,-22,-7,-3,-1,-1,4,3,-1,0,-52
Woodleigh School,Langwarrin South,50,20,131,33,NA,96,100,9,96,NA,31,12.4,118,0,-6,-26,-7,NA,0,0,1,-1,NA,-2,-2.4,-48
Wycheproof P-12 College,Wycheproof,14,6,16,11,Less than 4,100,100,NA,93,ID,31,2.9,159,3,-1,1,-4,NA,0,0,NA,-3,NA,3,2.9,184
Wyndham Central Sec Coll,Werribee,42,30,116,86,61,87,93,NA,69,85,24,0.4,499,5,7,9,7,31,12,4,NA,4,-9,-3,-1.7,-110
Wyndham Community Centre,Werribee,4,13,20,50,49,NA,NA,NA,98,98,NA,NA,583,0,2,1,-7,-6,NA,NA,NA,0,1,NA,NA,-2
Xavier College,Kew,43,7,391,23,NA,94,100,50,90,NA,34,17,53,4,0,-8,-19,NA,-3,0,5,-2,NA,1,2,14
Yarra Hills Secondary College,Mooroolbark,42,35,110,87,43,73,100,NA,78,94,25,0.7,468,13,10,45,27,19,-11,5,NA,-13,2,0,0.1,10
Yarra Valley Grammar School,Ringwood,44,10,312,14,NA,86,100,29,95,NA,34,17.2,52,2,3,12,-15,NA,-5,1,13,0,NA,0,-2.9,-6
Yarram Secondary College,Yarram,30,15,62,55,47,64,100,NA,59,84,25,2.6,455,1,4,-7,2,27,13,8,NA,-19,-14,1,2,39
Yarrawonga College P-12,Yarrawonga,20,19,55,96,39,91,95,NA,79,66,26,0.9,436,-6,2,-13,18,10,21,14,NA,-19,-9,-2,-3.4,-141
Yea High School,Yea,31,12,94,42,21,86,96,NA,85,98,25,1.8,461,-8,-5,12,-11,-13,13,-4,NA,4,-2,-3,-2.7,-168
Yeshivah College,St Kilda East,20,6,53,55,9,100,100,NA,79,NA,33,15.6,63,4,0,10,1,-1,17,0,NA,-11,NA,-4,-5,-55
Yesodei HaTorah College,Brighton,10,3,23,27,NA,50,100,NA,99,NA,34,24,38,-2,-2,2,-5,NA,-13,0,NA,-1,NA,0,-13.9,2
Yuille Park Community College,Delacombe,1,3,Less than 4,6,10,NA,ID,NA,59,23,ID,ID,584,NA,1,NA,-2,1,NA,NA,NA,-24,-13,NA,NA,-2
